"SRR3725585_sorted"	"SRR3725586_sorted"	"SRR3725587_sorted"	"SRR3725588_sorted"	"SRR3725589_sorted"	"SRR3725590_sorted"	"SRR3725591_sorted"	"SRR3725592_sorted"	"SRR3725593_sorted"	"SRR3725594_sorted"	"SRR3725595_sorted"	"SRR3725596_sorted"	"SRR3725597_sorted"	"SRR3725598_sorted"	"SRR3725599_sorted"
"putative_sRNA:m2031_2292"	64	59	62	272	235	272	188	128	194	114	150	183	141	138	196
"putative_sRNA:m7614_8195"	1317	1320	1123	843	724	810	610	466	526	471	590	536	403	486	591
"putative_sRNA:p17640_17922"	74	90	67	331	323	312	369	307	366	386	471	397	381	430	450
"putative_sRNA:p24688_25270"	929	985	828	285	261	273	284	254	272	235	302	255	211	236	166
"putative_sRNA:m29760_30173"	456	462	469	252	201	224	201	165	161	170	208	177	147	159	173
"putative_sRNA:m31529_31946"	479	525	456	576	472	505	441	307	383	327	412	435	305	375	492
"putative_sRNA:m45120_45636"	871	980	830	272	228	236	173	138	131	138	175	167	149	162	197
"putative_sRNA:p50564_51530"	12245	12616	10334	5612	5027	5504	4794	3700	4474	4616	5662	5869	5208	6027	6840
"putative_sRNA:p51980_52562"	1118	1120	901	504	477	498	505	337	430	427	498	497	436	490	614
"putative_sRNA:p68378_68557"	1013	1003	800	378	388	378	391	319	348	314	381	400	342	352	477
"putative_sRNA:p72678_72805"	248	251	198	56	43	51	44	35	35	25	41	42	30	26	33
"putative_sRNA:m79031_79298"	275	281	244	275	324	314	587	415	513	602	747	749	670	745	614
"putative_sRNA:m80029_80351"	333	308	287	395	349	373	345	253	318	298	329	396	296	279	273
"putative_sRNA:p103803_104684"	111	127	80	96	111	111	105	70	92	59	79	66	53	37	78
"putative_sRNA:m109674_110061"	1091	1182	1080	229	217	236	186	154	177	99	135	141	89	96	93
"putative_sRNA:m110132_110564"	549	553	436	624	650	651	1037	776	922	873	1080	1086	1004	1221	1205
"putative_sRNA:m122707_123200"	858	874	761	481	431	491	428	302	419	361	443	454	335	361	470
"putative_sRNA:m137408_137675"	92	83	88	92	82	85	120	74	99	82	93	117	109	106	130
"putative_sRNA:p139715_140450"	180	198	165	630	575	642	657	486	616	431	564	551	403	445	464
"putative_sRNA:m155629_155841"	322	345	270	143	133	147	136	101	101	90	90	107	67	61	106
"putative_sRNA:m202452_202816"	407	390	318	830	739	883	764	549	688	661	704	649	501	608	659
"putative_sRNA:p210646_210833"	334	361	310	64	53	73	63	54	41	45	78	35	37	23	26
"putative_sRNA:p211044_211740"	961	921	837	279	264	273	375	226	301	276	364	323	221	179	255
"putative_sRNA:p235153_235515"	539	562	505	108	98	94	61	54	49	40	48	45	28	36	31
"putative_sRNA:m236621_236681"	865	732	634	636	527	518	502	324	444	423	528	502	367	485	441
"putative_sRNA:p241929_242193"	288	292	262	534	550	572	505	413	470	379	459	394	278	306	356
"putative_sRNA:p244633_245207"	887	925	793	437	431	445	465	327	394	280	383	303	254	321	256
"putative_sRNA:p247283_248010"	2442	2528	2247	1227	1127	1243	982	695	887	749	906	835	662	737	815
"putative_sRNA:p254874_255691"	2148	2179	1883	918	861	1014	639	529	566	440	546	554	439	432	610
"putative_sRNA:p267875_268175"	413	439	388	292	253	293	222	161	193	172	168	210	146	148	195
"putative_sRNA:p284128_284954"	708	712	569	2140	2089	2212	1732	1202	1416	1471	1819	1697	1403	1533	1498
"putative_sRNA:p285209_285683"	170	165	180	607	545	555	622	397	556	548	696	537	490	513	558
"putative_sRNA:p298931_299159"	164	163	124	542	487	444	473	347	393	394	461	463	317	347	431
"putative_sRNA:m304007_304498"	212	237	205	42	48	50	48	43	46	30	53	49	34	28	37
"putative_sRNA:p308921_309616"	1629	1646	1465	2035	2004	2098	1776	1222	1562	1511	1800	1690	1461	1621	1665
"putative_sRNA:p323034_323192"	195	176	169	118	111	127	91	90	85	104	112	121	75	99	104
"putative_sRNA:p323331_323664"	400	358	321	266	176	216	204	117	166	188	206	182	212	228	215
"putative_sRNA:p329124_329670"	222	201	196	244	180	241	199	126	154	174	211	202	204	222	239
"putative_sRNA:p337128_337803"	45	52	46	93	92	98	86	42	78	68	82	78	70	75	79
"putative_sRNA:p338567_339008"	9	17	11	24	12	10	16	12	20	14	11	13	14	7	12
"putative_sRNA:m341543_342006"	176	146	141	407	371	405	464	338	366	384	457	437	424	370	447
"putative_sRNA:m345539_345927"	613	632	476	868	848	906	609	467	554	425	582	512	369	374	473
"putative_sRNA:p357614_357929"	281	277	257	151	165	173	151	89	126	91	100	119	72	60	83
"putative_sRNA:p372946_373233"	71	80	63	62	60	59	99	61	73	88	133	99	74	94	109
"putative_sRNA:p395354_395577"	294	341	301	76	84	81	64	54	54	58	64	75	37	53	63
"putative_sRNA:m401034_401607"	325	330	284	772	709	779	763	562	627	534	703	601	416	420	551
"putative_sRNA:m413013_413511"	37	25	38	219	193	224	474	370	413	369	432	404	265	306	326
"putative_sRNA:m417768_418096"	546	509	471	192	204	207	112	76	104	51	70	63	58	52	72
"putative_sRNA:m418468_418870"	570	552	559	417	377	445	298	257	263	192	251	221	142	145	227
"putative_sRNA:m419487_419766"	118	109	124	82	86	91	88	52	73	67	81	89	84	89	114
"putative_sRNA:p434969_435474"	307	338	289	550	464	500	587	393	532	515	644	618	471	525	595
"putative_sRNA:p456270_456645"	163	170	138	635	572	621	632	416	571	460	507	567	389	380	524
"putative_sRNA:p457026_457420"	917	872	798	851	763	890	976	632	893	762	877	983	772	795	985
"putative_sRNA:p458932_459384"	760	740	650	185	141	178	153	128	143	135	151	122	87	116	127
"putative_sRNA:p459736_460159"	623	622	432	274	217	238	197	126	151	151	165	165	142	172	198
"putative_sRNA:m484594_485084"	136	127	150	376	340	390	318	224	295	255	327	319	358	289	440
"putative_sRNA:p498521_498750"	258	266	229	212	222	209	226	183	204	191	232	251	196	198	203
"putative_sRNA:p526156_526571"	588	614	527	196	183	227	207	133	163	148	168	173	161	136	156
"putative_sRNA:p530533_530826"	1656	1598	1376	1210	1168	1212	1020	751	865	737	1051	898	708	819	810
"putative_sRNA:p536576_536815"	135	165	122	172	165	162	169	146	191	160	184	155	141	123	146
"putative_sRNA:p540241_540534"	153	152	110	223	229	233	213	156	196	183	221	200	161	165	213
"putative_sRNA:p549122_549432"	608	570	524	201	181	218	145	93	140	109	92	108	61	79	85
"putative_sRNA:m551368_552188"	1506	1473	1319	1563	1445	1598	1440	1056	1296	1165	1392	1415	1123	1252	1427
"putative_sRNA:m591929_592267"	809	799	731	183	151	151	186	143	147	142	180	215	186	203	216
"putative_sRNA:m600969_601320"	576	566	453	243	284	274	301	247	290	254	273	277	251	244	287
"putative_sRNA:m610454_611057"	1208	1223	1039	559	524	564	902	642	777	564	680	683	425	470	536
"putative_sRNA:m629862_629974"	608	613	505	975	991	1012	1093	774	925	804	1046	1022	704	825	909
"putative_sRNA:m631165_631941"	9362	9540	7986	3094	3011	3195	2844	1927	2360	2095	2509	2364	2019	2526	2733
"putative_sRNA:m665751_665817"	637	623	527	30	21	30	24	23	30	99	121	137	114	108	107
"putative_sRNA:p666595_666820"	266	233	306	142	107	88	100	86	87	92	95	97	91	89	92
"putative_sRNA:m690797_691079"	19	25	27	13	12	16	9	7	6	8	5	7	2	3	7
"putative_sRNA:m701116_701328"	388	443	332	165	149	190	217	179	158	187	202	220	195	167	208
"putative_sRNA:p704213_704463"	332	344	291	177	187	209	170	113	170	69	94	127	73	95	84
"putative_sRNA:p728405_729199"	644	719	586	180	188	182	186	165	181	163	218	163	151	156	157
"putative_sRNA:m732220_732623"	1812	1788	1408	162	156	185	161	167	165	181	206	208	143	128	159
"putative_sRNA:p740061_740410"	266	240	211	431	383	433	496	337	439	346	408	462	369	383	437
"putative_sRNA:p767366_768899"	1914	1778	1720	4788	4415	5221	3646	2707	3192	2212	2472	2347	2157	2650	3101
"putative_sRNA:m767396_767540"	160	165	150	256	198	257	292	211	305	265	326	314	235	238	332
"putative_sRNA:p781357_781506"	1804	2241	1796	1422	1393	1602	1840	1317	2019	1699	1756	1965	1103	1418	1655
"putative_sRNA:p789579_790327"	2529	2420	2096	332	329	349	320	212	297	205	272	273	273	263	258
"putative_sRNA:p820277_820763"	1130	1134	916	1385	1373	1398	1038	785	952	786	919	902	673	781	834
"putative_sRNA:m831952_832158"	328	324	323	37	37	46	29	25	29	18	32	30	10	15	13
"putative_sRNA:p850683_851474"	564	557	455	516	519	510	648	434	599	583	653	712	627	739	807
"putative_sRNA:m852354_852670"	490	511	406	252	241	273	235	199	252	215	261	303	245	259	343
"putative_sRNA:m871732_872090"	602	636	543	234	199	235	227	134	183	164	193	199	134	180	190
"putative_sRNA:m881907_882387"	960	968	827	2909	2640	2809	2849	2018	2523	2605	2807	3248	3281	3827	4457
"putative_sRNA:p885962_886383"	589	539	518	218	185	197	241	177	245	208	281	291	211	292	267
"putative_sRNA:m903930_904098"	1202	1244	1127	493	445	469	438	284	382	364	438	406	377	369	441
"putative_sRNA:m912090_912513"	676	673	628	330	285	318	253	174	244	221	229	226	156	212	235
"putative_sRNA:p918837_919248"	330	323	282	129	115	126	92	90	82	104	109	108	74	81	93
"putative_sRNA:p924388_924615"	1119	1187	852	545	530	514	703	512	566	645	729	726	617	606	674
"putative_sRNA:p932208_932626"	702	714	581	200	163	179	154	151	163	154	190	167	170	205	181
"putative_sRNA:m937509_938240"	4776	4584	3866	3179	2814	2841	3704	2490	3322	3531	3824	4392	4129	5228	6333
"putative_sRNA:m946514_946677"	255	230	222	47	46	41	47	21	45	39	35	56	38	29	32
"putative_sRNA:m980011_980206"	252	216	170	52	37	38	55	40	61	43	58	56	50	66	50
"putative_sRNA:p987053_987112"	6	2	2	14	17	15	86	58	86	143	161	150	109	103	106
"putative_sRNA:m988078_988256"	535	595	544	360	362	378	351	302	355	282	360	416	378	347	454
"putative_sRNA:p1001319_1001560"	464	421	378	351	306	328	331	221	289	222	307	297	224	207	304
"putative_sRNA:p1006762_1007103"	497	491	421	286	278	302	287	174	222	228	252	255	199	255	232
"putative_sRNA:m1024089_1024350"	368	380	271	138	147	144	131	97	103	78	84	92	58	68	72
"putative_sRNA:m1024671_1025292"	852	749	689	1469	1377	1598	1497	1106	1427	1280	1480	1506	1173	1343	1704
"putative_sRNA:m1027052_1027173"	70	86	61	60	48	64	54	35	39	35	37	56	21	25	23
"putative_sRNA:p1040655_1040969"	982	990	737	674	610	657	843	578	695	663	833	892	650	786	768
"putative_sRNA:m1073404_1073759"	112	138	134	95	81	77	67	38	59	56	50	79	39	56	65
"putative_sRNA:p1096228_1096585"	502	505	428	154	152	184	125	79	134	145	156	202	142	178	224
"putative_sRNA:p1107458_1107810"	476	449	380	343	309	379	246	190	237	247	252	290	223	250	272
"putative_sRNA:p1113887_1114263"	234	211	182	1517	1613	1671	3854	2847	3563	4231	5673	5102	4578	5159	5926
"putative_sRNA:m1114805_1115198"	2159	2063	1885	575	475	475	472	343	366	378	454	485	367	445	452
"putative_sRNA:m1123830_1124285"	2282	2240	1902	352	319	355	398	311	336	328	400	390	321	352	400
"putative_sRNA:p1134730_1135106"	466	534	459	321	308	319	271	227	266	240	295	310	331	323	387
"putative_sRNA:p1136884_1137814"	2587	2523	2122	819	757	848	762	564	660	632	732	729	715	829	845
"putative_sRNA:m1147862_1148240"	410	419	404	297	237	294	392	269	339	331	389	415	340	349	383
"putative_sRNA:p1149690_1150083"	863	850	783	659	582	541	594	462	556	493	613	582	588	609	555
"putative_sRNA:m1169589_1169958"	28	41	33	150	152	144	106	74	79	60	56	46	46	50	63
"putative_sRNA:m1169970_1170726"	193	184	156	743	762	813	637	524	598	454	524	419	389	420	515
"putative_sRNA:m1203077_1203259"	542	530	421	173	159	147	163	120	139	115	133	145	118	109	130
"putative_sRNA:m1212381_1212438"	4	5	4	17	14	18	25	12	10	29	19	19	15	20	21
"putative_sRNA:m1221330_1221582"	347	331	326	54	50	54	40	40	45	37	58	49	47	43	36
"putative_sRNA:p1229478_1230124"	890	949	819	158	164	184	165	120	135	103	129	117	84	105	134
"putative_sRNA:p1242722_1243042"	546	506	471	343	279	319	275	210	275	236	300	254	225	277	268
"putative_sRNA:p1269659_1269804"	81	91	70	120	90	93	80	86	84	82	108	111	79	76	82
"putative_sRNA:m1271316_1272321"	5719	5941	5015	9209	8611	9142	12720	8210	11357	12778	15545	16668	12324	13492	16564
"putative_sRNA:m1274332_1274831"	1075	1032	846	290	256	269	291	192	238	199	207	243	186	187	197
"putative_sRNA:m1275191_1276007"	3527	3509	3098	2073	1975	2128	2040	1386	1701	1347	1691	1748	1371	1436	1711
"putative_sRNA:m1276054_1276201"	200	204	160	393	390	468	649	329	561	324	359	372	167	203	289
"putative_sRNA:p1276519_1276821"	519	518	442	306	277	280	302	204	216	208	261	255	220	187	252
"putative_sRNA:p1283614_1284027"	431	470	380	1162	1043	1353	724	596	757	674	781	689	631	668	715
"putative_sRNA:m1291476_1292096"	11210	11486	9239	1343	1279	1303	1858	1317	1584	1695	1949	2221	2320	2628	3003
"putative_sRNA:p1299805_1300130"	477	487	471	58	68	74	63	59	48	38	46	46	27	18	27
"putative_sRNA:m1300597_1301164"	299	276	222	358	335	375	392	255	364	330	403	431	384	498	419
"putative_sRNA:p1306742_1307197"	1678	1767	1442	1321	1194	1240	993	713	891	806	840	863	637	735	845
"putative_sRNA:p1311846_1312122"	355	370	343	440	414	422	335	300	299	301	392	369	301	325	313
"putative_sRNA:m1313400_1313617"	15	10	18	250	167	215	230	164	250	282	321	407	359	354	661
"putative_sRNA:m1320806_1321060"	54	65	41	481	456	531	487	322	478	357	422	438	347	361	400
"putative_sRNA:p1326868_1327390"	498	446	396	2207	2049	2113	1876	1496	1775	1427	1770	1744	1404	1696	1709
"putative_sRNA:p1327543_1327878"	66	61	57	606	588	724	634	543	638	495	596	586	450	468	558
"putative_sRNA:m1333491_1333901"	700	705	622	148	149	165	149	123	128	131	120	164	116	112	121
"putative_sRNA:m1334250_1334544"	394	444	359	153	159	164	186	103	135	129	164	170	134	140	194
"putative_sRNA:p1342614_1342908"	1424	1413	1206	1822	1759	1989	2209	1611	2006	1818	2415	2346	1995	1885	2771
"putative_sRNA:p1359157_1359905"	1639	1778	1477	1215	1029	1175	955	746	931	835	1035	979	905	1006	1193
"putative_sRNA:m1365337_1365478"	297	233	240	61	56	78	71	87	72	77	125	72	87	70	60
"putative_sRNA:m1371077_1371654"	2196	2290	1875	1329	1259	1373	1239	952	1144	1013	1166	1140	949	1111	1286
"putative_sRNA:p1372453_1372927"	1581	1745	1460	1366	1201	1323	1286	1033	1184	972	1332	1246	926	1002	1087
"putative_sRNA:p1388439_1388897"	1075	1170	902	260	241	256	269	170	227	161	208	226	166	175	216
"putative_sRNA:p1392363_1392828"	1282	1248	1037	283	239	302	291	212	271	184	212	200	176	178	158
"putative_sRNA:m1394172_1394970"	1518	1607	1527	426	344	376	253	207	220	152	216	207	135	139	172
"putative_sRNA:m1400000_1400390"	2338	2403	2160	1070	1047	1122	1507	1028	1220	986	1298	1220	874	823	942
"putative_sRNA:p1404636_1404974"	564	510	455	76	85	83	49	35	44	31	45	33	18	29	26
"putative_sRNA:m1409375_1409460"	65	75	47	76	57	75	55	33	54	37	59	42	52	62	57
"putative_sRNA:m1412439_1413225"	2711	2733	2347	849	795	808	788	544	691	768	833	841	889	1166	1141
"putative_sRNA:p1420043_1420770"	339	371	283	1050	959	1103	1025	803	942	825	984	825	684	678	829
"putative_sRNA:m1437402_1437902"	221	220	194	13	15	21	10	13	14	10	11	6	11	12	8
"putative_sRNA:p1471592_1471813"	341	332	288	288	279	283	338	301	331	397	416	406	506	665	546
"putative_sRNA:m1472881_1472953"	17	13	17	21	7	11	26	13	12	4	10	14	14	10	30
"putative_sRNA:m1473010_1473079"	0	1	4	5	1	6	6	1	2	1	3	0	2	0	5
"putative_sRNA:m1473149_1473247"	16	11	18	13	13	14	8	6	9	9	14	16	10	12	24
"putative_sRNA:m1473909_1474188"	228	259	190	72	78	78	58	62	65	49	54	19	24	199	6
"putative_sRNA:m1476314_1476516"	106	76	119	71	42	79	124	67	79	42	68	65	51	152	131
"putative_sRNA:m1476635_1476783"	50	73	33	25	14	15	23	17	21	20	20	10	14	74	4
"putative_sRNA:p1477026_1477887"	1690	1736	1487	2569	2428	2879	1615	1308	1541	1189	1431	1229	1188	1947	1560
"putative_sRNA:p1481426_1481864"	299	288	262	881	807	1082	533	393	512	369	347	353	303	398	413
"putative_sRNA:p1481912_1482449"	377	325	315	880	872	1017	517	376	474	411	472	418	285	427	397
"putative_sRNA:p1483509_1484022"	661	676	585	910	927	1171	551	462	537	501	524	562	335	408	449
"putative_sRNA:m1486624_1486902"	299	292	231	518	476	522	485	362	442	384	475	445	308	352	375
"putative_sRNA:p1491075_1491412"	595	595	472	193	173	213	116	104	130	95	125	122	93	85	137
"putative_sRNA:p1522474_1522943"	222	210	179	222	202	221	144	106	139	82	113	113	103	90	130
"putative_sRNA:p1524631_1525190"	411	477	420	512	412	501	602	498	578	527	629	668	691	684	947
"putative_sRNA:m1530035_1530745"	1124	1128	1021	712	655	712	663	499	697	457	607	564	439	428	606
"putative_sRNA:p1535563_1535874"	197	203	160	582	535	568	568	450	501	446	591	553	448	487	546
"putative_sRNA:p1547129_1547275"	538	648	590	1632	1485	1630	1396	1157	1295	1478	1729	1862	1688	1354	1696
"putative_sRNA:m1548515_1548749"	239	203	181	236	259	211	218	154	188	190	218	239	238	223	252
"putative_sRNA:m1560878_1561418"	415	533	417	976	986	1127	1014	723	835	781	877	831	770	799	834
"putative_sRNA:p1574058_1574716"	176	124	128	109	87	88	116	89	106	116	160	102	146	117	88
"putative_sRNA:p1602436_1602720"	429	366	304	75	87	72	83	54	76	62	63	62	51	54	64
"putative_sRNA:m1606955_1607363"	755	802	709	431	387	446	232	185	253	167	188	190	131	149	181
"putative_sRNA:m1607430_1608018"	1544	1705	1391	944	847	952	645	459	583	473	524	548	384	445	467
"putative_sRNA:p1628636_1629485"	2286	2350	1837	969	933	955	690	499	566	466	525	555	396	439	407
"putative_sRNA:p1639985_1640604"	1596	1586	1340	464	432	473	429	316	352	333	423	351	350	401	441
"putative_sRNA:m1659768_1660077"	476	496	372	159	164	161	208	133	166	137	165	181	158	149	189
"putative_sRNA:m1678019_1678632"	1421	1437	1213	226	241	221	195	150	216	158	228	218	164	175	189
"putative_sRNA:m1697431_1698082"	366	390	343	1399	1226	1374	1537	1075	1316	1180	1379	1448	1177	1190	1616
"putative_sRNA:m1702428_1702764"	227	200	210	395	374	406	532	373	437	369	458	481	337	349	420
"putative_sRNA:p1705900_1706425"	71	68	68	95	76	98	68	35	42	47	38	46	34	35	35
"putative_sRNA:p1725083_1725349"	310	340	300	167	197	183	171	122	167	145	187	166	119	132	188
"putative_sRNA:m1728722_1728862"	220	193	225	103	93	102	168	137	156	158	187	228	195	199	334
"putative_sRNA:m1745577_1745788"	96	86	79	64	66	53	63	41	69	44	52	38	54	53	48
"putative_sRNA:m1749565_1749877"	421	377	345	150	147	146	155	124	133	111	150	168	118	124	118
"putative_sRNA:m1756719_1756992"	117	142	156	52	33	48	32	31	45	30	41	56	37	56	60
"putative_sRNA:p1771065_1771431"	312	262	230	160	143	142	142	112	125	96	127	115	86	84	117
"putative_sRNA:p1785797_1785977"	197	195	186	272	261	273	348	214	251	259	275	304	209	238	260
"putative_sRNA:p1786235_1787229"	1206	1373	1209	540	521	621	567	418	401	483	572	444	549	632	531
"putative_sRNA:p1788544_1789146"	94	115	63	90	91	88	77	59	77	54	54	50	31	45	47
"putative_sRNA:m1830598_1830748"	1321	1324	1169	605	527	517	582	408	463	451	528	567	477	573	644
"putative_sRNA:m1833282_1833497"	320	325	352	156	174	155	207	120	170	180	195	243	225	262	280
"putative_sRNA:m1837169_1837372"	205	182	163	91	93	76	95	80	88	82	98	108	90	86	111
"putative_sRNA:p1849439_1849802"	613	617	508	256	223	228	245	165	238	187	203	236	226	205	269
"putative_sRNA:p1849883_1850308"	670	628	552	678	665	765	768	505	647	652	731	701	580	672	750
"putative_sRNA:p1854534_1855360"	639	606	557	866	732	859	637	446	587	366	425	386	474	576	665
"putative_sRNA:m1859006_1859348"	187	197	155	239	224	281	221	155	203	158	229	201	165	188	196
"putative_sRNA:p1862446_1862877"	500	516	412	283	246	283	307	179	228	216	246	204	162	224	226
"putative_sRNA:p1864018_1864294"	216	182	122	165	165	201	150	98	141	136	154	166	90	103	138
"putative_sRNA:m1870273_1870495"	388	464	386	143	153	138	127	100	136	99	114	106	95	115	81
"putative_sRNA:p1892946_1893118"	169	159	131	63	71	63	73	40	62	40	47	57	36	36	38
"putative_sRNA:p1896894_1897207"	249	273	231	399	367	396	353	242	314	264	304	325	276	295	387
"putative_sRNA:m1905852_1906341"	703	679	625	489	440	529	583	434	541	583	767	667	656	617	782
"putative_sRNA:p1933961_1934758"	3736	3800	3353	1056	1064	1173	930	708	805	675	873	898	778	813	1039
"putative_sRNA:p1941696_1941763"	47	52	45	396	382	391	412	292	381	329	392	342	358	379	413
"putative_sRNA:p1956782_1957033"	151	159	137	165	134	152	131	103	120	118	143	130	151	161	214
"putative_sRNA:p1957414_1957592"	367	395	340	234	226	227	139	132	170	160	131	167	145	175	233
"putative_sRNA:p1960667_1961407"	11963	12746	11937	2034	1689	1762	986	729	807	1093	1238	1508	1564	1664	2792
"putative_sRNA:p1962173_1962531"	536	511	470	113	108	110	87	59	66	41	70	62	56	63	80
"putative_sRNA:p1970907_1971249"	453	445	429	609	624	745	663	458	601	626	716	725	594	619	944
"putative_sRNA:p1985297_1985996"	696	693	613	181	176	183	186	141	185	145	185	154	101	110	131
"putative_sRNA:m1992588_1993440"	2118	2132	1984	653	633	675	521	337	483	451	512	535	393	474	628
"putative_sRNA:p1998947_1999675"	1455	1487	1352	2564	2317	2594	2824	2222	2747	2307	2732	2756	2110	2209	2690
"putative_sRNA:m2014734_2015221"	1417	1422	1364	770	715	716	582	387	497	433	541	533	429	417	459
"putative_sRNA:p2017423_2017593"	1125	1219	1060	339	326	414	319	230	306	260	318	344	200	258	253
"putative_sRNA:m2022822_2023437"	832	853	720	334	301	344	304	211	273	252	278	269	199	197	299
"putative_sRNA:m2034099_2034414"	190	180	150	113	123	180	181	115	143	121	149	148	119	132	128
"putative_sRNA:m2039637_2039853"	289	259	184	280	257	252	228	122	208	165	217	240	129	165	255
"putative_sRNA:m2040280_2040517"	74	72	56	41	45	42	53	48	52	66	77	63	52	41	63
"putative_sRNA:p2047604_2047795"	1602	1682	1587	1270	1130	1071	1578	1105	1228	1523	2037	1965	2449	2541	2656
"putative_sRNA:p2055248_2055667"	1183	1084	985	374	339	376	359	235	315	245	316	259	243	278	323
"putative_sRNA:p2055929_2056301"	914	702	706	455	405	435	437	344	368	351	417	455	369	487	545
"putative_sRNA:m2057418_2057734"	125	120	82	63	64	66	98	89	124	76	120	104	77	83	79
"putative_sRNA:m2058035_2059284"	4195	4346	3940	482	422	475	366	279	348	341	383	427	325	380	460
"putative_sRNA:m2074580_2074769"	271	292	258	93	91	89	119	92	110	96	91	101	92	78	98
"putative_sRNA:m2077392_2077947"	1842	1917	1646	444	379	458	401	314	373	417	493	477	606	624	712
"putative_sRNA:p2078866_2079789"	1853	1758	1583	1153	1046	1145	619	399	589	424	452	469	328	376	500
"putative_sRNA:p2081572_2082135"	1137	1083	909	375	357	347	274	191	256	280	315	310	239	276	297
"putative_sRNA:p2083284_2083433"	348	377	290	151	100	93	134	110	103	99	131	116	84	104	115
"putative_sRNA:p2087193_2087880"	2317	2398	1967	490	476	513	546	378	486	509	584	572	443	590	630
"putative_sRNA:p2096740_2096827"	4	6	2	35	18	31	8	4	4	6	6	8	5	8	12
"putative_sRNA:m2096828_2097114"	1926	1918	1699	948	845	885	841	662	823	661	918	872	683	783	851
"putative_sRNA:m2106185_2106690"	757	748	592	822	753	841	1006	647	839	823	845	916	707	844	937
"putative_sRNA:m2115207_2115457"	21	12	13	2	2	1	1	2	6	4	4	4	0	1	0
"putative_sRNA:m2116172_2116449"	269	258	254	28	26	25	17	19	17	18	24	18	16	17	22
"putative_sRNA:m2124453_2125115"	218	196	154	385	322	333	68	62	68	100	94	98	216	269	270
"putative_sRNA:m2127802_2128193"	250	259	249	405	341	369	402	336	397	329	385	453	334	396	449
"putative_sRNA:m2136770_2137072"	620	592	494	183	178	177	182	125	143	151	173	160	159	171	119
"putative_sRNA:p2141951_2142173"	331	360	259	67	69	61	44	31	37	41	50	57	42	50	65
"putative_sRNA:p2145615_2145822"	285	327	242	547	484	657	451	503	411	385	499	335	263	184	178
"putative_sRNA:p2145893_2146606"	1284	1327	1083	710	607	660	613	440	559	548	596	538	505	534	653
"putative_sRNA:m2148038_2148398"	237	229	210	283	268	259	399	275	344	266	365	353	263	303	328
"putative_sRNA:m2160743_2160893"	230	243	199	96	87	98	102	77	100	81	80	104	90	66	104
"putative_sRNA:m2174912_2175197"	612	637	477	64	57	75	57	39	39	46	36	40	29	47	34
"putative_sRNA:m2177620_2178432"	239	244	214	241	188	273	194	189	171	165	242	177	172	146	140
"putative_sRNA:m2189664_2190256"	1689	1811	1538	773	683	679	797	566	630	539	629	741	459	512	656
"putative_sRNA:m2193753_2194613"	752	740	618	1300	1194	1447	1447	1047	1420	1212	1455	1414	1393	1628	1897
"putative_sRNA:m2207201_2207499"	202	196	178	37	34	31	27	21	25	23	15	32	22	37	23
"putative_sRNA:p2222371_2222698"	758	744	685	210	188	219	196	164	199	209	246	212	200	253	249
"putative_sRNA:m2225271_2225351"	441	441	439	304	324	381	357	306	353	298	364	365	391	398	590
"putative_sRNA:m2226900_2227060"	337	319	227	192	177	224	213	162	183	143	179	190	130	140	171
"putative_sRNA:p2228709_2229474"	1188	1273	1092	944	797	875	1000	743	960	597	862	868	545	571	749
"putative_sRNA:p2232306_2232612"	177	176	126	90	93	101	217	168	176	211	277	263	234	274	325
"putative_sRNA:p2232671_2233435"	1967	2025	1727	204	213	214	77	40	67	43	72	73	51	54	80
"putative_sRNA:p2233702_2234099"	256	279	164	141	134	152	176	92	142	129	145	133	92	120	134
"putative_sRNA:p2234949_2235396"	1878	2277	2031	553	416	428	400	276	365	364	391	434	368	409	563
"putative_sRNA:p2243434_2244127"	805	819	689	96	79	92	69	40	84	56	56	49	45	70	82
"putative_sRNA:m2253137_2254118"	1182	1188	1004	625	567	594	507	403	408	403	530	529	567	582	792
"putative_sRNA:p2256620_2257156"	891	916	901	169	123	130	120	82	91	129	128	144	130	148	181
"putative_sRNA:m2259693_2260147"	1230	1292	1186	465	389	431	372	252	346	322	342	399	325	378	518
"putative_sRNA:m2281843_2282447"	875	923	728	78	67	65	47	37	68	55	72	69	71	68	74
"putative_sRNA:p2288968_2289194"	185	166	169	74	64	72	85	50	75	50	80	68	57	65	82
"putative_sRNA:m2324540_2324624"	81	86	88	187	147	176	164	111	142	132	143	147	120	145	157
"putative_sRNA:m2337170_2338039"	1990	1957	1631	1849	1734	2028	1702	1224	1517	1395	1624	1631	1314	1441	1678
"putative_sRNA:p2338251_2338585"	330	320	320	609	562	693	655	507	609	471	672	626	397	457	576
"putative_sRNA:m2338557_2338641"	457	453	443	410	376	393	449	326	390	384	484	556	405	433	461
"putative_sRNA:m2343305_2343944"	1002	1023	906	85	84	86	67	56	69	38	43	37	33	35	33
"putative_sRNA:m2358589_2359119"	618	643	477	548	559	619	381	251	328	195	202	184	132	171	213
"putative_sRNA:m2359195_2359814"	1045	1158	1016	1537	1411	1660	1511	1227	1400	947	1172	1148	837	980	1096
"putative_sRNA:m2364901_2365347"	1155	1228	1116	480	417	471	481	376	446	509	603	597	620	576	700
"putative_sRNA:p2376093_2376295"	347	388	360	40	40	42	42	35	35	33	37	41	51	35	66
"putative_sRNA:p2391995_2392598"	827	761	703	476	459	456	514	375	450	393	464	486	345	315	345
"putative_sRNA:m2401754_2401968"	352	359	235	99	95	86	49	30	36	19	37	33	29	21	37
"putative_sRNA:p2409635_2410352"	1223	1167	963	71	67	82	168	135	155	146	185	139	138	173	182
"putative_sRNA:p2419897_2420020"	252	232	211	75	74	56	67	48	61	63	57	59	57	43	65
"putative_sRNA:p2425390_2426120"	935	992	830	520	471	492	500	369	440	413	551	597	434	494	646
"putative_sRNA:m2435013_2435419"	547	558	439	411	455	415	375	300	404	332	408	401	305	385	390
"putative_sRNA:m2437990_2438349"	402	400	369	128	96	120	125	104	128	88	180	88	103	98	116
"putative_sRNA:m2448953_2449398"	1276	1252	890	393	373	437	469	255	439	263	330	338	205	203	253
"putative_sRNA:p2450051_2450485"	878	850	730	280	298	275	350	252	326	255	322	334	226	248	312
"putative_sRNA:m2459855_2460356"	861	946	837	199	200	204	147	123	170	135	141	143	131	120	132
"putative_sRNA:m2472603_2473369"	631	634	545	371	376	421	487	373	402	398	512	486	498	485	569
"putative_sRNA:m2477719_2478696"	3453	3470	2813	801	707	800	557	383	473	360	520	449	408	518	557
"putative_sRNA:m2484712_2485079"	333	309	269	239	214	210	215	155	182	178	177	181	178	165	190
"putative_sRNA:m2497650_2498369"	3238	3325	2920	1468	1198	1253	1595	1031	1356	1178	1469	1410	1239	1576	1537
"putative_sRNA:m2499148_2499380"	371	358	345	48	28	53	26	10	32	15	38	24	22	21	12
"putative_sRNA:m2499974_2500821"	798935	837585	769879	426472	382737	434246	445994	291389	392548	299643	374092	347642	302421	391784	400550
"putative_sRNA:p2500383_2500819"	8228	7383	6392	3626	3684	4470	2822	2741	2565	2118	3425	2004	2213	1427	1152
"putative_sRNA:p2510345_2510415"	85	76	76	89	83	92	105	75	98	69	102	99	69	64	93
"putative_sRNA:p2512164_2512215"	56	67	56	180	177	175	161	119	133	128	157	160	129	132	166
"putative_sRNA:m2519621_2519803"	291	240	197	47	22	25	35	30	21	19	33	21	27	24	26
"putative_sRNA:p2544396_2544655"	459	427	404	131	105	129	99	90	107	73	81	101	85	78	92
"putative_sRNA:m2560551_2560672"	96	88	113	317	231	299	274	162	259	279	311	307	231	251	420
"putative_sRNA:m2567333_2568089"	1426	1467	1189	370	330	352	319	231	306	277	314	280	233	248	293
"putative_sRNA:m2575250_2575586"	389	438	371	333	335	369	354	220	332	283	303	390	334	403	463
"putative_sRNA:m2584312_2584614"	436	401	405	191	127	170	118	81	111	87	111	94	83	90	118
"putative_sRNA:m2596867_2596971"	232	231	173	420	436	552	508	232	422	344	413	485	282	387	539
"putative_sRNA:m2600247_2600648"	295	333	251	244	235	271	256	167	267	220	249	239	221	231	206
"putative_sRNA:p2614511_2614580"	146	155	142	82	68	90	157	108	140	126	142	139	107	128	142
"putative_sRNA:m2619145_2619395"	336	434	399	145	128	132	183	91	181	123	150	156	99	112	137
"putative_sRNA:m2624022_2624456"	856	902	762	862	873	921	804	503	719	592	655	715	464	653	595
"putative_sRNA:p2625855_2626155"	792	732	644	279	281	334	306	211	267	206	277	231	173	193	193
"putative_sRNA:m2636878_2637286"	643	621	540	282	229	245	280	205	229	197	243	267	217	219	301
"putative_sRNA:p2637471_2638352"	2795	2808	2484	1017	927	942	981	720	915	835	1041	1063	916	1127	1333
"putative_sRNA:p2649638_2650133"	481	486	445	293	288	267	438	347	404	464	590	544	570	502	553
"putative_sRNA:m2651855_2651983"	623	624	532	425	343	412	381	227	319	260	314	287	185	194	215
"putative_sRNA:p2652473_2652805"	154	149	146	131	113	138	185	121	140	160	194	149	147	202	183
"putative_sRNA:p2680363_2680716"	99	90	77	921	888	967	1023	711	968	1119	1311	1374	947	1112	1245
"putative_sRNA:m2680422_2680787"	592	625	468	261	249	284	329	213	288	262	348	341	279	297	354
"putative_sRNA:m2692217_2692360"	342	289	270	365	273	265	307	246	218	234	350	257	319	188	160
"putative_sRNA:p2694797_2695095"	459	456	430	183	171	176	118	89	104	61	101	96	63	74	87
"putative_sRNA:p2695885_2696861"	735	756	668	928	897	1045	953	668	864	671	830	739	527	643	808
"putative_sRNA:m2710081_2710149"	165	163	143	128	113	107	121	80	112	107	132	150	143	152	159
"putative_sRNA:m2718947_2719145"	526	497	434	399	369	373	335	241	264	285	282	340	270	288	331
"putative_sRNA:p2727964_2728150"	298	245	237	96	84	89	66	71	86	57	94	78	68	56	74
"putative_sRNA:p2744416_2744722"	471	438	361	355	369	317	424	313	361	353	405	383	339	310	317
"putative_sRNA:m2745032_2745213"	2361	2352	2120	1555	1385	1696	1670	1163	1527	1672	2034	2199	2227	2528	3467
"putative_sRNA:m2765765_2766328"	1232	1184	1045	376	366	385	263	251	260	226	327	364	274	303	315
"putative_sRNA:p2786293_2786750"	182	170	160	100	80	124	126	99	116	108	136	169	129	120	160
"putative_sRNA:p2817136_2817228"	189	192	157	216	170	181	190	129	160	110	150	192	125	134	161
"putative_sRNA:p2819220_2819627"	1129	1100	909	688	697	708	743	529	628	531	586	552	330	409	403
"putative_sRNA:p2828512_2829017"	182	182	148	669	685	794	646	482	581	404	575	427	393	423	497
"putative_sRNA:p2834571_2834878"	810	795	673	80	86	98	59	52	67	47	60	62	46	39	47
"putative_sRNA:p2850154_2850328"	340	354	286	107	93	120	124	77	139	78	101	142	100	62	101
"putative_sRNA:m2865822_2866758"	3312	3287	2790	3878	3630	3745	2899	2412	2657	2717	3452	3371	3019	3282	3841
"putative_sRNA:p2870778_2871608"	1178	1116	956	315	302	358	285	185	240	168	195	212	157	157	192
"putative_sRNA:p2881111_2881257"	37	40	27	25	28	32	84	81	81	100	100	93	51	41	39
"putative_sRNA:m2885828_2886555"	3443	3624	3138	776	655	698	538	403	435	348	476	592	525	555	619
"putative_sRNA:m2907494_2907744"	386	369	315	187	172	182	167	120	150	135	188	161	116	137	133
"putative_sRNA:p2912095_2912639"	1563	1655	1381	441	465	454	314	236	293	221	200	259	177	230	266
"putative_sRNA:p2913405_2914211"	6183	5693	5019	1363	1305	1265	1212	985	1036	1006	1327	1188	1037	1118	1282
"putative_sRNA:p2914331_2914660"	387	430	352	164	150	148	108	90	111	87	88	96	79	71	96
"putative_sRNA:p2933737_2934065"	507	460	397	227	230	216	246	166	235	209	266	277	266	297	331
"putative_sRNA:m2949590_2949837"	471	357	346	6	8	8	10	8	7	18	30	14	17	15	12
"putative_sRNA:p2951543_2952046"	1252	1179	1045	114	99	122	57	43	74	52	66	69	45	55	51
"putative_sRNA:m2956172_2956322"	476	414	376	61	59	64	29	38	19	30	52	24	34	19	14
"putative_sRNA:p2964866_2964997"	62	49	36	17	11	12	13	8	20	17	21	11	11	5	11
"putative_sRNA:p2977824_2978266"	949	954	790	218	176	173	210	130	158	128	181	187	149	187	190
"putative_sRNA:p2978540_2979452"	2846	2861	2827	3032	2268	2393	2243	1591	2006	1658	1969	1582	1721	1890	1924
"putative_sRNA:p2979960_2980895"	204	263	246	131	96	148	69	41	52	45	63	62	50	61	54
"putative_sRNA:p2980925_2981118"	4334	4238	4142	728	685	694	428	310	386	226	316	308	236	265	291
"putative_sRNA:m2982505_2983077"	1397	1339	1245	600	550	582	592	467	549	478	555	583	536	500	626
"putative_sRNA:m2983227_2983601"	43	40	22	157	167	193	108	78	104	56	74	55	49	63	79
"putative_sRNA:p3012679_3012956"	351	320	255	99	108	92	116	98	92	101	119	126	113	98	119
"putative_sRNA:p3015860_3015983"	210	219	168	105	93	113	153	94	126	102	129	121	72	77	104
"putative_sRNA:m3023699_3024054"	836	817	606	321	264	272	310	219	238	272	300	309	366	378	416
"putative_sRNA:m3025832_3026320"	756	721	668	272	261	294	238	159	239	200	248	287	206	202	277
"putative_sRNA:m3027176_3027621"	1532	1594	1245	394	377	384	314	232	278	248	335	306	209	232	271
"putative_sRNA:p3032927_3033294"	593	630	484	224	189	240	446	333	379	219	257	240	182	245	251
"putative_sRNA:m3034799_3034983"	445	422	366	227	212	231	228	182	230	251	236	269	206	220	275
"putative_sRNA:p3050811_3051020"	630	719	588	78	95	95	117	67	101	93	114	97	76	64	91
"putative_sRNA:p3061438_3062300"	1866	1901	1588	372	345	384	224	170	190	150	216	168	131	154	166
"putative_sRNA:m3062947_3063188"	321	325	270	832	805	844	1187	755	1048	1083	1109	1394	849	1071	1346
"putative_sRNA:m3064003_3064276"	422	395	403	284	235	282	252	166	210	179	194	219	160	159	195
"putative_sRNA:p3064897_3065083"	73	78	68	57	46	59	45	37	46	34	44	32	41	31	33
"putative_sRNA:p3081738_3082014"	466	488	454	122	102	100	120	92	121	102	114	129	96	117	108
"putative_sRNA:p3082534_3082704"	286	289	250	428	348	409	470	303	383	339	428	404	230	310	375
"putative_sRNA:m3094924_3095549"	2785	2872	2581	228	215	218	196	125	176	130	160	183	129	155	197
"putative_sRNA:p3106334_3106528"	268	279	222	33	16	17	27	21	15	11	24	18	18	19	11
"putative_sRNA:p3123636_3124446"	216	230	222	484	528	627	1499	1134	1515	1499	2031	1841	1313	1471	1564
"putative_sRNA:p3132760_3133495"	220	226	167	90	116	104	108	57	84	74	97	73	70	66	81
"putative_sRNA:p3135542_3136424"	85	101	98	135	117	133	181	112	142	161	204	182	176	212	217
"putative_sRNA:m3151034_3151103"	53	64	59	135	127	164	146	116	142	111	155	151	148	199	208
"putative_sRNA:p3154677_3154924"	205	206	174	20	12	20	14	11	17	7	17	16	24	21	24
"putative_sRNA:m3162362_3162511"	202	211	161	93	76	81	77	43	64	69	80	84	51	81	78
"putative_sRNA:m3186137_3186497"	538	499	450	204	175	177	135	106	155	121	102	100	74	82	107
"putative_sRNA:m3202086_3202424"	497	511	478	228	183	234	206	141	196	168	220	189	183	174	226
"putative_sRNA:p3205507_3205750"	476	482	452	328	321	292	347	249	281	267	263	318	226	221	264
"putative_sRNA:p3210758_3211238"	695	734	614	162	162	165	122	115	87	65	97	83	52	61	65
"putative_sRNA:p3221722_3222237"	687	673	583	16	16	9	16	11	9	7	8	11	9	5	7
"putative_sRNA:p3281523_3281801"	265	312	261	169	167	211	176	150	150	142	179	144	116	117	110
"putative_sRNA:m3285774_3286258"	812	865	801	354	367	443	396	365	415	339	432	337	301	283	290
"putative_sRNA:m3287664_3287850"	91	83	94	254	305	349	199	224	241	194	264	172	189	157	141
"putative_sRNA:p3297864_3298150"	404	385	350	100	82	61	66	57	77	62	75	102	68	55	64
"putative_sRNA:m3308858_3309184"	65	54	74	108	105	124	125	95	111	139	153	135	116	135	163
"putative_sRNA:p3318181_3318441"	374	384	357	127	140	152	161	113	151	122	132	155	71	107	107
"putative_sRNA:p3325702_3325799"	360	370	329	304	285	293	354	314	364	274	339	381	283	297	371
"putative_sRNA:p3331787_3332487"	828	800	667	1455	1390	1617	1666	1096	1560	1403	1824	1731	1436	1349	1560
"putative_sRNA:m3348107_3348464"	698	718	533	229	205	191	208	170	186	155	191	231	129	173	167
"putative_sRNA:m3356183_3356921"	744	729	616	886	803	909	682	525	656	610	749	729	605	650	963
"putative_sRNA:p3359409_3359868"	1543	1499	1356	612	571	533	726	512	646	591	669	753	714	826	949
"putative_sRNA:p3368482_3368622"	263	262	226	70	58	69	98	68	88	82	103	104	85	81	95
"putative_sRNA:p3370499_3370612"	212	297	165	56	41	40	47	28	35	36	46	49	30	23	30
"putative_sRNA:p3381321_3382075"	180	182	172	723	738	802	630	474	518	449	516	416	376	414	447
"putative_sRNA:p3382088_3382463"	32	37	29	142	115	174	103	68	66	46	44	39	46	59	65
"putative_sRNA:p3382631_3383138"	446	447	363	253	187	225	219	203	250	224	256	290	228	256	347
"putative_sRNA:m3388896_3388983"	76	85	84	651	638	769	900	673	762	681	873	822	820	776	854
"putative_sRNA:p3398832_3399244"	828	877	720	314	283	278	258	195	240	265	315	305	270	312	367
"putative_sRNA:p3402851_3403158"	516	493	460	91	72	84	84	56	78	57	61	88	67	66	73
"putative_sRNA:m3416856_3417128"	508	596	455	90	78	63	65	46	54	38	49	51	37	24	30
"putative_sRNA:p3421236_3421747"	265	311	264	189	211	237	267	217	268	282	275	291	189	222	241
"putative_sRNA:p3423253_3423494"	620	636	545	154	132	121	115	86	100	81	101	98	93	105	123
"putative_sRNA:m3425978_3426181"	177	189	130	176	168	198	155	110	116	106	118	123	120	93	107
"putative_sRNA:m3426313_3426473"	142	136	114	393	357	361	373	251	371	247	324	313	241	295	296
"putative_sRNA:p3442838_3443192"	1030	1034	982	60	54	76	57	41	40	34	47	39	21	27	25
"putative_sRNA:p3447453_3447642"	181	199	190	56	41	34	44	35	39	39	51	42	32	48	56
"putative_sRNA:p3461327_3461746"	1082	1205	1070	212	219	224	233	147	189	177	239	181	191	171	183
"putative_sRNA:m3464015_3464417"	973	898	760	178	193	220	146	118	130	127	156	149	110	107	120
"putative_sRNA:m3467964_3468402"	1224113	1268762	1115660	623623	589389	646943	700800	529510	626300	515464	652721	651809	513404	546248	674541
"putative_sRNA:p3467968_3468335"	9506	8687	7744	5076	3726	4718	3798	4081	3299	2875	4423	2596	3085	2056	1575
"putative_sRNA:m3481609_3481985"	17	50	24	139	145	151	81	85	89	44	64	54	38	53	69
"putative_sRNA:m3481998_3482752"	155	170	133	688	696	786	629	475	584	425	493	402	375	430	459
"putative_sRNA:m3492589_3492882"	478	464	404	178	113	128	121	100	104	110	134	136	78	85	107
"putative_sRNA:p3495207_3495367"	394	380	411	16	14	25	11	11	16	60	117	92	92	52	67
"putative_sRNA:m3504397_3505256"	2095	2093	1683	827	756	783	718	587	694	559	758	760	531	610	815
"putative_sRNA:p3531146_3531198"	3	2	3	2	2	1	3	3	3	1	2	4	3	0	9
"putative_sRNA:p3531236_3531583"	80	93	86	125	113	120	179	138	173	189	227	206	172	187	217
"putative_sRNA:m3537138_3537349"	139	148	137	462	329	433	384	301	351	317	378	351	316	381	449
"putative_sRNA:m3543725_3544109"	227	245	180	680	619	648	662	498	602	484	642	618	472	485	559
"putative_sRNA:m3547231_3547382"	261	325	250	77	92	86	108	79	92	71	86	90	66	78	98
"putative_sRNA:m3556776_3557305"	176	146	110	902	832	1027	1119	848	1080	833	955	840	617	600	876
"putative_sRNA:m3567242_3567480"	356	355	322	99	90	94	82	60	80	76	84	78	69	74	41
"putative_sRNA:p3581659_3582195"	1536	1470	1216	406	399	387	323	257	274	199	313	257	175	203	211
"putative_sRNA:p3583542_3584168"	1509	1378	1344	665	558	695	460	328	419	343	392	374	353	382	443
"putative_sRNA:p3590704_3591058"	327	331	291	486	485	458	564	450	504	649	730	697	645	664	818
"putative_sRNA:m3591784_3592492"	2735	2616	2316	360	303	328	241	152	172	147	154	153	118	125	126
"putative_sRNA:p3597807_3598429"	3672	3782	3682	3423	3177	3234	3514	2625	3006	2912	3844	3746	3692	3551	4254
"putative_sRNA:p3621301_3621726"	679	700	553	157	173	173	153	106	119	96	94	121	62	74	95
"putative_sRNA:p3632082_3632640"	1217	1233	991	869	882	895	771	530	692	728	803	875	1035	1153	1395
"putative_sRNA:p3637869_3638334"	1373	1338	1180	114	95	106	116	86	106	76	105	85	64	70	64
"putative_sRNA:p3669983_3670309"	493	538	428	188	184	191	189	135	158	135	173	197	139	162	208
"putative_sRNA:m3680221_3680357"	257	251	199	139	104	150	142	93	112	89	112	148	82	106	89
"putative_sRNA:m3681560_3682014"	952	929	726	692	620	691	434	371	431	344	452	451	342	386	436
"putative_sRNA:p3687705_3688078"	442	408	359	384	329	387	335	245	294	274	351	309	309	368	384
"putative_sRNA:p3688420_3688810"	985	1020	940	558	524	575	581	441	567	460	503	535	324	374	459
"putative_sRNA:m3698001_3698446"	1017	942	847	369	332	377	276	216	279	226	322	277	256	269	293
"putative_sRNA:p3730002_3730552"	731	725	567	626	593	703	655	506	622	472	600	522	288	338	384
"putative_sRNA:p3744737_3745224"	384	345	295	486	490	486	548	377	535	478	603	560	525	597	629
"putative_sRNA:p3755769_3756382"	417	390	349	256	209	230	267	190	229	202	223	228	154	155	219
"putative_sRNA:p3775999_3776446"	879	844	781	252	192	234	248	188	231	185	220	200	128	153	151
"putative_sRNA:m3785892_3786445"	744	685	582	2051	1917	2023	1729	1370	1557	1297	1476	1669	1006	1163	1465
"putative_sRNA:m3790428_3790842"	42	48	28	257	256	272	319	286	301	334	357	336	294	336	313
"putative_sRNA:p3796925_3797195"	459	428	398	111	93	95	69	62	87	65	78	74	67	68	102
"putative_sRNA:p3798377_3798693"	375	343	392	527	439	559	337	224	342	256	286	339	281	294	426
"putative_sRNA:p3824410_3824897"	876	918	686	296	271	261	278	181	241	259	326	358	262	301	409
"putative_sRNA:m3842704_3842965"	92	75	62	143	158	167	157	123	127	144	164	169	133	159	172
"putative_sRNA:m3846602_3847194"	789	880	713	560	485	566	384	302	411	323	437	436	414	393	552
"putative_sRNA:p3846618_3846809"	245	251	203	767	711	790	817	669	787	569	733	695	408	420	462
"putative_sRNA:m3847318_3847625"	668	659	536	406	333	332	313	295	328	311	337	354	270	285	343
"putative_sRNA:p3847979_3848571"	257	284	237	1039	1056	1185	857	571	698	649	764	672	482	586	639
"putative_sRNA:m3873542_3874418"	103	84	73	63	51	59	40	38	42	26	37	28	24	27	31
"putative_sRNA:p3877458_3877748"	269	304	252	146	139	140	110	97	110	84	144	100	82	101	81
"putative_sRNA:m3883857_3884818"	126	125	94	95	107	114	105	79	89	55	75	63	51	61	57
"putative_sRNA:p3907319_3907454"	42	32	40	255	202	268	256	280	240	341	352	287	305	204	201
"putative_sRNA:p3913610_3913903"	192	219	173	203	203	184	190	140	197	128	174	191	122	138	103
"putative_sRNA:p3916135_3916354"	169	150	144	94	85	103	98	91	97	64	123	94	80	82	69
"putative_sRNA:p3938694_3939243"	32	31	22	6	26	21	16	15	13	19	21	15	15	15	18
"putative_sRNA:m3959201_3959373"	395	395	302	263	232	189	233	160	191	151	209	221	153	187	203
"putative_sRNA:p3964744_3965125"	458	425	462	61	44	62	31	29	32	38	32	38	35	21	38
"putative_sRNA:p3968172_3968434"	138	170	147	449	393	381	452	360	460	411	567	493	442	456	512
"putative_sRNA:p3968651_3968874"	96	99	104	167	145	208	170	142	144	167	194	201	162	195	203
"putative_sRNA:p3982619_3982919"	58	80	71	56	41	59	37	33	28	37	33	27	24	45	22
"putative_sRNA:m3986981_3987214"	365	389	351	211	185	222	191	124	160	154	212	195	170	212	273
"putative_sRNA:p3995631_3996010"	1132	1116	939	328	301	326	235	166	201	150	164	202	149	180	195
"putative_sRNA:m4040918_4040963"	126	121	116	196	166	190	333	206	280	249	307	309	248	415	317
"putative_sRNA:p4048580_4048924"	632	569	478	340	326	412	418	260	391	313	400	377	275	360	381
"putative_sRNA:m4099226_4099466"	1620	1615	1316	1988	2011	2045	1868	1488	1739	2091	2326	2184	1980	2246	2854
"putative_sRNA:m4100684_4100955"	2487	2385	2267	1062	860	948	1044	1259	829	1289	2113	1130	2200	1132	873
"putative_sRNA:p4105655_4105982"	727	750	561	308	278	327	311	212	252	228	300	301	232	274	292
"putative_sRNA:m4116035_4116329"	766	759	696	221	190	234	178	157	161	147	160	159	126	130	163
"putative_sRNA:m4119697_4120166"	672	633	536	426	411	469	314	241	303	204	282	294	155	188	181
"putative_sRNA:m4121946_4122287"	555	490	447	152	136	163	160	128	132	119	147	160	102	86	131
"putative_sRNA:m4124907_4125786"	3003	3083	2617	585	525	593	420	299	352	241	309	298	233	237	310
"putative_sRNA:m4130616_4130827"	60	77	63	121	92	127	118	97	102	101	126	103	109	95	129
"putative_sRNA:m4132386_4132790"	602	557	517	541	514	528	514	352	367	285	330	333	215	233	234
"putative_sRNA:p4136945_4137139"	377	371	306	122	121	140	85	70	106	83	95	107	67	69	81
"putative_sRNA:m4162585_4163007"	665	634	610	342	292	328	280	194	250	227	218	250	170	194	197
"putative_sRNA:m4170796_4171316"	641	653	565	484	432	497	528	378	467	425	489	495	355	414	427
"putative_sRNA:m4173629_4174179"	132	123	139	617	554	662	869	599	823	912	1102	985	918	943	1170
"putative_sRNA:m4177038_4177506"	771	771	623	228	206	217	213	123	195	158	182	171	132	136	157
"putative_sRNA:m4178956_4179821"	2616	2678	2286	372	366	340	324	238	275	216	315	302	196	224	253
"putative_sRNA:m4187181_4187602"	740	760	670	268	215	243	215	171	205	173	170	183	122	133	155
"putative_sRNA:m4187765_4187942"	198	162	137	34	31	35	22	19	28	22	27	26	16	22	16
"putative_sRNA:p4189866_4190290"	344	328	306	431	445	459	576	361	540	384	504	505	357	430	440
"putative_sRNA:p4192070_4192106"	36	23	27	21	17	23	23	18	15	20	29	20	14	18	16
"putative_sRNA:p4192242_4192378"	65	54	56	128	109	119	114	108	121	110	124	98	94	97	78
"putative_sRNA:p4192795_4193159"	638	586	488	213	242	237	234	205	232	235	335	190	242	182	161
"putative_sRNA:p4198574_4198858"	404	441	349	95	68	79	72	62	74	57	79	81	98	64	88
"putative_sRNA:m4225091_4225926"	882	1005	845	530	484	469	517	379	483	528	556	676	566	659	761
"putative_sRNA:m4227375_4227542"	324	389	310	67	83	63	74	65	70	76	76	92	64	60	49
"putative_sRNA:m4231851_4232070"	157	172	174	90	64	90	74	55	58	77	80	79	64	80	82
"putative_sRNA:m4246565_4246723"	94	121	93	477	445	436	493	362	445	382	457	491	292	327	388
"putative_sRNA:m4253828_4254235"	214	180	175	1331	1313	1427	1165	885	1021	964	1109	999	756	804	1118
"putative_sRNA:p4272516_4272861"	519	509	461	369	375	352	484	429	461	330	450	444	246	281	251
"putative_sRNA:m4273920_4274337"	220	215	219	1631	1567	1690	1770	1272	1595	1514	1696	1971	1481	1649	1611
"putative_sRNA:m4275906_4276084"	192	204	145	77	84	94	79	58	69	55	72	75	52	58	72
"putative_sRNA:m4277510_4277986"	795	796	737	555	469	494	256	201	222	176	182	196	138	129	180
"putative_sRNA:m4286785_4286912"	198	204	248	151	149	173	130	139	137	119	144	118	99	84	73
"putative_sRNA:p4291329_4291518"	272	268	265	105	135	133	121	116	135	118	131	108	108	99	110
"putative_sRNA:p4302041_4302295"	299	352	269	173	156	176	109	81	100	83	109	98	81	72	88
"putative_sRNA:m4305754_4306171"	1477	1473	1279	341	292	353	282	213	280	259	294	308	207	239	280
"putative_sRNA:p4317071_4317531"	84	83	88	147	152	154	259	179	236	310	394	453	533	602	774
"putative_sRNA:m4319602_4320444"	345	333	280	2788	2685	2953	3158	2325	2914	2620	3119	3094	2286	2539	3147
"putative_sRNA:m4351209_4351449"	143	145	116	127	114	131	100	76	91	77	124	90	104	92	66
"putative_sRNA:m4354193_4354453"	221	234	197	96	101	96	134	112	124	129	141	142	128	126	112
"putative_sRNA:m4354602_4355198"	1191	1138	998	348	334	383	297	217	261	259	312	312	264	286	362
"putative_sRNA:m4356127_4356344"	315	302	271	143	106	135	85	69	80	62	79	86	51	50	73
"putative_sRNA:p4362009_4362234"	349	308	325	99	78	65	94	54	82	58	87	94	94	72	86
"putative_sRNA:p4364645_4364861"	385	344	354	203	149	170	141	113	128	114	127	120	82	111	99
"putative_sRNA:p4365305_4365747"	594	595	552	569	499	597	343	276	376	234	240	273	188	210	230
"putative_sRNA:p4372931_4373234"	281	267	267	445	418	443	522	394	497	451	546	563	431	461	557
"putative_sRNA:p4387486_4388029"	14	23	22	29	38	27	22	19	32	29	27	39	33	22	32
"putative_sRNA:p4388194_4388747"	301	260	232	151	121	156	154	116	145	111	144	118	93	98	111
"putative_sRNA:p4393190_4393283"	325	304	296	987	882	920	930	652	820	742	850	947	766	785	976
"putative_sRNA:m4400725_4400874"	233	248	225	227	205	208	254	178	234	266	291	341	258	250	357
"putative_sRNA:p4404581_4404933"	652	702	670	283	265	266	226	153	219	221	262	287	251	267	306
"putative_sRNA:p4409090_4409227"	172	152	109	276	260	257	251	298	272	264	356	251	185	146	161
"putative_sRNA:p4411177_4411532"	1921	1906	1936	3312	3164	3460	3878	2729	3556	3796	4708	4585	4751	5046	5468
