"SRR1917694_sorted"	"SRR1917695_sorted"	"SRR1917696_sorted"	"SRR1917697_sorted"	"SRR1917698_sorted"	"SRR1917699_sorted"	"SRR1917700_sorted"	"SRR1917701_sorted"	"SRR1917702_sorted"	"SRR1917703_sorted"	"SRR1917704_sorted"	"SRR1917705_sorted"	"SRR1917706_sorted"	"SRR1917707_sorted"	"SRR1917708_sorted"	"SRR1917709_sorted"	"SRR1917710_sorted"	"SRR1917711_sorted"	"SRR1917712_sorted"	"SRR1917713_sorted"	"SRR1917714_sorted"	"SRR1917715_sorted"
"putative_sRNA:m2031_2292"	268	235	349	346	407	239	902	518	333	785	550	128	85	684	904	785	354	490	483	737	259	258
"putative_sRNA:m7614_8195"	409	285	600	1103	1580	1170	1254	674	399	1781	1497	540	196	1202	1328	1304	634	568	1665	2279	411	252
"putative_sRNA:p17640_17922"	56	23	37	180	229	166	226	187	111	708	484	281	12	104	122	77	55	66	467	764	50	20
"putative_sRNA:p24688_25270"	132	86	114	414	495	370	739	327	243	915	511	220	96	532	444	1133	600	707	436	682	115	106
"putative_sRNA:m29760_30173"	93	75	103	180	315	222	385	227	121	363	271	84	51	311	340	355	175	178	315	443	179	126
"putative_sRNA:m31529_31946"	246	167	303	389	563	443	717	399	188	1090	802	159	30	264	277	290	113	153	719	1331	201	158
"putative_sRNA:m45120_45636"	46	86	150	127	188	204	194	74	50	201	168	44	13	136	122	538	234	209	216	359	98	109
"putative_sRNA:p50564_51530"	10822	4317	7215	18727	20818	16050	47939	23408	13924	19456	12657	5754	3718	24833	21881	25283	11656	12165	11983	21260	7088	6342
"putative_sRNA:p51980_52562"	336	254	361	1626	2070	1787	1533	841	487	2065	1241	525	275	1506	1793	2139	1069	1207	953	1683	1125	852
"putative_sRNA:p68378_68557"	487	430	539	826	1312	1028	1522	805	537	1626	1151	535	160	706	1056	1217	659	461	1253	2070	357	318
"putative_sRNA:p72678_72805"	16	5	18	53	39	35	54	40	9	41	58	18	12	36	33	65	22	22	15	46	25	28
"putative_sRNA:m79031_79298"	832	491	705	1483	1199	787	2393	1797	1156	3191	2131	572	182	999	477	1061	458	907	2042	3534	1487	1076
"putative_sRNA:m80029_80351"	148	87	104	354	489	350	680	366	246	832	578	199	42	357	293	297	140	180	340	545	107	83
"putative_sRNA:p103803_104684"	983	947	1163	586	747	628	1739	748	592	739	443	222	69	364	624	553	260	174	423	620	154	126
"putative_sRNA:m109674_110061"	42	54	59	20	29	36	45	23	29	78	66	13	5	28	14	91	46	77	41	60	42	39
"putative_sRNA:m110132_110564"	1618	1581	2393	4699	4942	3254	9355	4167	2079	6570	4608	1411	208	1835	1320	1100	577	535	3901	3515	1925	1345
"putative_sRNA:m122707_123200"	133	55	106	339	560	412	615	299	178	943	607	257	36	377	349	379	187	204	422	573	83	65
"putative_sRNA:m137408_137675"	71	50	101	168	256	252	227	101	66	250	227	51	39	370	291	178	73	106	155	218	101	83
"putative_sRNA:p139715_140450"	286	144	273	836	846	708	1574	1017	556	1169	904	437	114	635	426	460	269	417	916	1567	1089	700
"putative_sRNA:m155629_155841"	38	25	58	121	116	95	170	70	44	178	135	42	20	159	95	199	90	115	101	202	105	113
"putative_sRNA:m202452_202816"	170	89	154	373	369	263	687	324	199	858	591	185	116	602	579	413	194	259	619	981	146	145
"putative_sRNA:p210646_210833"	32	41	60	11	15	8	19	15	10	52	49	6	0	23	16	20	13	14	25	17	17	5
"putative_sRNA:p211044_211740"	296	158	285	676	620	446	949	560	317	1166	750	355	101	420	333	222	142	148	792	1260	301	230
"putative_sRNA:p235153_235515"	49	74	105	45	56	48	93	49	19	133	102	48	19	49	48	91	59	56	96	134	77	46
"putative_sRNA:m236621_236681"	311	165	303	689	934	820	1321	669	353	1473	1113	320	110	649	584	527	246	287	544	1076	234	224
"putative_sRNA:p241929_242193"	141	75	111	559	736	596	470	336	188	1547	1067	507	52	324	257	346	162	207	1126	1980	64	46
"putative_sRNA:p244633_245207"	374	145	270	848	1181	954	1499	743	388	1468	1023	478	195	916	787	1727	965	1218	662	1186	194	143
"putative_sRNA:p247283_248010"	691	407	635	1862	2198	1513	2557	1311	772	2830	2040	891	423	2463	2435	3305	1620	1839	2303	3732	662	615
"putative_sRNA:p254874_255691"	193	136	215	377	413	333	650	405	201	954	727	232	78	404	337	438	189	223	467	793	274	290
"putative_sRNA:p267875_268175"	40	18	58	116	140	112	168	81	44	223	134	44	13	117	153	115	27	41	162	277	64	34
"putative_sRNA:p284128_284954"	554	310	506	1408	1453	1294	2636	1192	746	2613	1506	607	200	1241	1827	1501	842	752	1104	1577	236	210
"putative_sRNA:p285209_285683"	595	370	659	1456	1737	1523	3090	1467	998	2080	1453	721	248	1318	1877	890	475	407	1214	1613	406	291
"putative_sRNA:p298931_299159"	182	146	240	582	952	691	1033	500	330	628	407	106	84	623	806	563	248	315	425	606	337	253
"putative_sRNA:m304007_304498"	58	81	78	67	41	45	52	49	31	67	36	15	4	44	27	49	30	67	40	109	123	87
"putative_sRNA:p308921_309616"	338	204	315	842	1281	1097	1493	726	470	2170	1636	735	175	987	1471	1459	788	840	1107	1964	170	133
"putative_sRNA:p323034_323192"	24	1	17	51	78	62	80	41	24	130	100	42	6	58	99	108	58	33	76	105	14	15
"putative_sRNA:p323331_323664"	133	59	102	410	349	291	685	325	132	833	686	226	43	386	334	523	293	347	417	649	127	107
"putative_sRNA:p329124_329670"	178	200	265	296	370	321	467	245	154	445	325	126	39	315	388	324	186	192	355	612	258	251
"putative_sRNA:p337128_337803"	63	38	86	200	326	235	247	142	57	325	305	131	77	464	414	574	341	302	138	353	27	22
"putative_sRNA:p338567_339008"	2	0	2	13	12	10	8	2	0	25	32	8	0	11	15	24	10	16	5	10	0	0
"putative_sRNA:m341543_342006"	290	184	288	952	1224	973	1341	749	367	2184	1728	636	294	1868	1772	1814	774	1066	1194	1895	278	247
"putative_sRNA:m345539_345927"	133	87	176	452	643	524	736	356	196	1077	793	194	39	373	209	651	281	364	511	778	329	308
"putative_sRNA:p357614_357929"	49	31	60	86	92	73	149	84	41	292	208	86	30	183	214	172	91	104	150	337	56	51
"putative_sRNA:p372946_373233"	159	62	109	140	176	134	199	158	134	258	239	104	18	123	123	202	122	166	543	793	103	99
"putative_sRNA:p395354_395577"	19	16	40	30	55	42	68	44	12	125	85	27	7	60	95	106	48	43	67	111	12	4
"putative_sRNA:m401034_401607"	1496	496	839	1081	1469	1126	1685	1055	1043	916	620	268	114	902	1148	574	253	257	663	1082	353	305
"putative_sRNA:m413013_413511"	361	143	243	1031	1341	830	792	682	349	1556	1248	472	42	331	178	166	81	108	1680	3047	98	89
"putative_sRNA:m417768_418096"	97	71	111	89	118	85	148	75	47	284	180	103	11	45	37	40	17	29	150	215	34	41
"putative_sRNA:m418468_418870"	158	140	232	551	518	310	583	282	150	1399	1024	364	35	237	125	196	91	80	726	1005	225	169
"putative_sRNA:m419487_419766"	110	64	98	156	308	212	156	86	57	273	141	87	15	76	90	212	78	93	143	312	60	51
"putative_sRNA:p434969_435474"	694	232	599	1275	1653	1217	2737	1500	1066	2779	2040	576	201	1188	1167	685	421	543	1411	2174	483	447
"putative_sRNA:p456270_456645"	333	132	258	1378	1282	1367	1450	832	417	2341	1716	598	180	1150	611	623	310	461	1586	2541	417	284
"putative_sRNA:p457026_457420"	613	330	535	1531	1563	1287	2383	1392	802	3564	2414	670	127	1038	742	1127	444	638	1916	3917	405	293
"putative_sRNA:p458932_459384"	35	26	47	171	247	195	167	66	58	388	272	66	28	207	197	295	118	154	226	427	60	35
"putative_sRNA:p459736_460159"	101	44	115	383	470	519	240	143	99	858	711	275	50	378	462	420	187	153	401	662	44	27
"putative_sRNA:m484594_485084"	189	105	196	446	559	369	779	346	217	786	641	186	42	249	323	217	103	106	526	1023	135	131
"putative_sRNA:p498521_498750"	79	32	90	265	264	222	504	251	196	428	244	109	34	261	184	325	109	177	307	518	108	93
"putative_sRNA:p526156_526571"	96	48	98	380	396	287	480	261	123	560	300	128	69	423	315	507	260	276	292	468	137	164
"putative_sRNA:p530533_530826"	353	142	297	1100	1514	1210	1876	838	500	1614	1263	549	190	1175	1134	1543	737	826	886	1363	209	187
"putative_sRNA:p536576_536815"	58	25	66	140	189	147	277	162	66	304	201	69	15	118	79	94	38	44	126	161	55	28
"putative_sRNA:p540241_540534"	122	70	129	295	353	200	241	175	96	555	324	168	44	226	229	344	183	171	439	649	66	67
"putative_sRNA:p549122_549432"	35	27	45	64	115	90	78	31	37	122	78	29	5	97	57	130	53	76	69	174	42	30
"putative_sRNA:m551368_552188"	585	333	651	2238	2269	1715	3098	1667	885	4566	3398	1059	337	2093	1439	1306	605	651	2419	4070	887	609
"putative_sRNA:m591929_592267"	92	63	102	187	226	182	316	174	107	309	253	70	24	237	241	246	92	177	229	346	89	52
"putative_sRNA:m600969_601320"	118	90	188	680	718	501	974	595	269	904	694	184	101	708	569	991	410	627	522	822	204	178
"putative_sRNA:m610454_611057"	431	211	391	710	903	517	887	553	287	1363	1109	428	160	935	623	629	276	446	1238	2160	258	189
"putative_sRNA:m629862_629974"	196	109	218	560	680	446	481	347	235	1354	961	305	95	730	587	1020	368	555	956	1587	138	120
"putative_sRNA:m631165_631941"	1252	683	1368	3120	3793	3182	5524	2530	1648	4090	2665	1487	677	3625	5348	12680	7786	6588	2084	3250	1242	929
"putative_sRNA:m665751_665817"	141	106	142	40	191	78	464	450	671	54	50	18	1	22	19	288	207	465	42	51	38	117
"putative_sRNA:p666595_666820"	57	27	52	102	86	83	242	122	103	250	173	60	6	75	68	72	53	27	136	232	42	44
"putative_sRNA:m690797_691079"	0	2	2	5	4	3	12	10	4	26	13	5	1	9	5	4	3	3	6	6	7	8
"putative_sRNA:m701116_701328"	112	51	60	234	167	154	534	322	184	531	330	167	23	166	225	191	119	157	280	500	57	62
"putative_sRNA:p704213_704463"	79	50	115	192	311	225	291	126	70	383	307	80	25	181	172	184	72	106	204	375	96	56
"putative_sRNA:p728405_729199"	159	93	156	140	279	177	463	234	157	335	245	113	23	124	128	149	94	92	227	320	127	151
"putative_sRNA:m732220_732623"	74	81	116	118	139	120	144	94	49	247	125	59	11	124	67	227	76	109	137	194	89	73
"putative_sRNA:p740061_740410"	311	144	341	1196	1294	750	1378	751	468	2096	1540	404	126	679	493	548	311	321	1320	2743	201	151
"putative_sRNA:p767366_768899"	804	402	918	4016	5472	4461	8153	2653	1602	12662	9042	4287	654	3885	6653	2895	1451	1250	5280	8787	714	506
"putative_sRNA:m767396_767540"	57	12	86	192	236	273	197	114	70	331	268	69	19	130	138	95	36	39	265	385	59	24
"putative_sRNA:p781357_781506"	272	84	325	1184	1310	1126	1231	539	384	2784	2051	551	128	835	640	863	346	430	1751	2574	356	240
"putative_sRNA:p789579_790327"	229	94	177	444	571	463	969	421	260	709	492	201	97	626	584	1102	589	671	406	611	164	168
"putative_sRNA:p820277_820763"	172	92	204	764	866	695	951	401	232	930	674	287	134	801	758	686	300	374	505	849	185	120
"putative_sRNA:m831952_832158"	28	19	37	59	60	49	113	89	22	75	58	17	3	45	27	32	18	41	71	91	58	51
"putative_sRNA:p850683_851474"	530	268	575	1004	1585	1200	1779	873	595	1998	1590	772	205	1239	1369	1471	759	1001	920	1652	297	158
"putative_sRNA:m852354_852670"	98	82	120	353	631	507	772	445	245	576	426	122	88	592	698	734	378	281	282	535	149	102
"putative_sRNA:m871732_872090"	60	60	84	165	213	113	271	155	78	337	230	81	14	112	85	111	73	92	255	377	85	76
"putative_sRNA:m881907_882387"	644	245	414	1441	2264	1687	2218	1036	654	2962	2413	1066	145	1027	1785	893	458	551	1145	2514	211	220
"putative_sRNA:p885962_886383"	118	57	103	190	308	233	403	148	115	314	174	102	51	249	210	309	173	183	214	378	106	61
"putative_sRNA:m903930_904098"	208	165	294	613	639	473	741	483	216	677	537	183	84	631	653	1341	650	680	560	861	238	211
"putative_sRNA:m912090_912513"	67	37	84	213	220	168	360	194	143	348	314	98	27	224	165	244	121	145	223	399	87	64
"putative_sRNA:p918837_919248"	111	58	113	242	253	214	576	213	147	193	138	62	56	388	556	1104	641	508	106	162	36	35
"putative_sRNA:p924388_924615"	216	93	197	1010	1160	904	1216	556	410	1995	1326	708	122	725	611	868	527	618	1321	1937	368	322
"putative_sRNA:p932208_932626"	90	43	50	172	181	159	303	166	113	266	204	83	32	147	177	361	203	180	131	148	68	48
"putative_sRNA:m937509_938240"	5242	4791	9028	15171	20585	18110	22647	10715	7343	14648	11080	4595	2139	12620	19225	35651	19903	13466	8256	12224	7760	7275
"putative_sRNA:m946514_946677"	68	25	60	39	42	43	146	103	62	87	53	32	3	65	71	83	61	40	52	120	76	38
"putative_sRNA:m980011_980206"	30	27	82	89	138	124	148	56	48	296	223	107	18	151	136	214	118	127	130	204	44	42
"putative_sRNA:p987053_987112"	231	407	526	332	214	115	576	415	306	584	400	110	3	44	16	33	12	20	436	654	98	82
"putative_sRNA:m988078_988256"	51	23	22	184	206	117	244	184	76	351	170	125	28	128	101	123	76	51	109	185	53	46
"putative_sRNA:p1001319_1001560"	137	88	128	331	474	324	588	281	196	564	399	122	66	294	358	268	110	121	290	481	114	106
"putative_sRNA:p1006762_1007103"	173	89	123	354	697	425	731	352	190	870	563	215	76	420	472	534	309	269	357	588	70	64
"putative_sRNA:m1024089_1024350"	39	53	86	155	139	113	109	89	51	231	165	47	34	194	98	551	309	359	133	234	79	60
"putative_sRNA:m1024671_1025292"	506	244	502	1543	1888	1383	2881	1283	735	2998	2317	846	105	681	665	416	186	219	1943	3381	390	305
"putative_sRNA:m1027052_1027173"	231	144	235	360	404	249	1124	782	308	244	147	66	57	368	360	288	118	155	124	256	481	286
"putative_sRNA:p1040655_1040969"	289	195	304	731	972	765	1309	559	352	1049	663	264	88	561	529	375	187	203	489	782	247	182
"putative_sRNA:m1073404_1073759"	96	36	79	148	128	101	329	132	75	354	265	66	23	158	105	83	39	60	333	502	82	73
"putative_sRNA:p1096228_1096585"	33	21	27	82	46	49	159	68	41	177	142	29	26	164	161	290	135	137	79	131	36	36
"putative_sRNA:p1107458_1107810"	23	26	35	129	125	116	144	72	40	331	262	85	9	104	85	250	117	138	249	394	27	20
"putative_sRNA:p1113887_1114263"	1199	454	721	1985	2493	2157	2242	1215	839	2957	2665	1030	225	1186	1560	789	373	587	3747	6783	345	234
"putative_sRNA:m1114805_1115198"	467	221	438	818	1343	978	1681	824	435	1173	874	206	204	1110	949	2082	1046	1016	610	1155	494	413
"putative_sRNA:m1123830_1124285"	466	209	509	763	1336	812	1703	917	577	795	421	177	174	1247	1285	1962	930	920	632	1083	421	368
"putative_sRNA:p1134730_1135106"	141	100	163	327	510	377	674	273	163	605	412	212	69	458	488	492	202	170	285	521	147	111
"putative_sRNA:p1136884_1137814"	119	48	116	299	548	391	401	179	96	483	397	164	48	321	431	655	324	314	251	430	34	28
"putative_sRNA:m1147862_1148240"	426	389	562	2173	1787	1316	2805	1316	680	2230	1405	443	73	398	296	443	216	204	1248	2381	600	424
"putative_sRNA:p1149690_1150083"	384	362	486	871	1156	930	1707	987	452	1332	807	379	105	773	922	1011	567	765	1083	2059	433	394
"putative_sRNA:m1169589_1169958"	87	36	90	221	270	294	122	52	63	311	208	114	111	664	933	94	51	53	132	214	9	8
"putative_sRNA:m1169970_1170726"	1018	505	1025	1495	2028	1894	1798	815	803	2232	1470	680	670	3665	5791	923	414	530	1521	2651	207	144
"putative_sRNA:m1203077_1203259"	63	36	62	156	216	151	405	249	86	229	130	50	29	238	134	234	143	187	132	293	228	213
"putative_sRNA:m1212381_1212438"	83	47	145	236	319	260	265	169	102	378	277	174	57	222	386	544	349	364	202	442	62	36
"putative_sRNA:m1221330_1221582"	23	11	24	56	38	53	73	37	17	62	57	15	2	31	38	79	61	32	27	73	13	4
"putative_sRNA:p1229478_1230124"	74	54	88	249	345	272	342	158	89	410	293	118	49	277	395	455	213	214	226	349	78	58
"putative_sRNA:p1242722_1243042"	254	106	221	560	667	452	888	490	248	988	709	275	56	367	360	460	257	287	628	1147	153	128
"putative_sRNA:p1269659_1269804"	62	54	90	154	211	113	293	148	124	225	161	44	16	81	128	74	31	51	178	314	51	36
"putative_sRNA:m1271316_1272321"	36763	22020	33716	37243	44514	23239	80671	80719	36450	18231	11585	4260	6748	50464	57772	30252	14228	11943	26925	48846	11432	8716
"putative_sRNA:m1274332_1274831"	67	43	95	227	231	159	288	149	63	276	270	31	70	271	241	449	224	276	180	414	91	62
"putative_sRNA:m1275191_1276007"	425	252	451	1513	1757	1404	2259	1156	575	2045	1421	571	249	1661	1633	2377	1039	1345	1439	2582	707	637
"putative_sRNA:m1276054_1276201"	202	88	159	351	460	375	557	377	241	327	285	87	50	357	338	521	256	333	393	736	447	252
"putative_sRNA:p1276519_1276821"	206	95	198	483	525	343	776	381	255	810	612	175	54	346	265	340	176	187	525	1002	189	140
"putative_sRNA:p1283614_1284027"	38	26	51	184	308	319	280	125	83	542	496	262	44	208	407	236	119	90	139	271	26	18
"putative_sRNA:m1291476_1292096"	1317	1237	1937	2674	4069	2890	4214	2802	1652	2635	2169	1068	486	3480	4607	15050	8595	7985	2417	4575	1529	1326
"putative_sRNA:p1299805_1300130"	32	15	48	60	82	60	88	43	40	111	90	39	6	89	61	205	88	107	69	141	24	19
"putative_sRNA:m1300597_1301164"	62	44	63	192	258	193	319	175	106	433	293	128	25	198	219	225	120	139	253	368	38	39
"putative_sRNA:p1306742_1307197"	143	66	165	391	628	484	792	335	231	619	450	149	74	413	474	448	195	229	416	645	120	179
"putative_sRNA:p1311846_1312122"	142	64	109	324	550	380	491	309	170	427	254	138	46	291	343	265	138	149	306	440	115	78
"putative_sRNA:m1313400_1313617"	33	35	96	197	290	222	229	156	101	165	79	13	7	73	89	29	5	10	159	303	31	50
"putative_sRNA:m1320806_1321060"	356	189	342	832	905	610	2093	858	543	1303	934	353	123	825	945	292	122	127	849	1403	204	197
"putative_sRNA:p1326868_1327390"	1113	678	1291	2754	2746	2080	5187	2230	1359	3716	2756	1073	353	2528	2277	995	418	398	2561	3663	1144	751
"putative_sRNA:p1327543_1327878"	298	114	265	642	783	594	1498	717	453	623	444	222	132	676	758	219	88	127	354	663	190	122
"putative_sRNA:m1333491_1333901"	32	13	33	129	153	135	140	105	56	188	140	58	29	169	111	215	125	110	103	150	43	22
"putative_sRNA:m1334250_1334544"	80	66	114	270	400	383	448	212	131	336	220	55	56	398	550	426	229	197	314	418	58	56
"putative_sRNA:p1342614_1342908"	859	505	1224	2994	4616	4003	3199	1684	1076	4412	2996	1187	669	3958	4504	2795	1447	1631	3162	5577	912	698
"putative_sRNA:p1359157_1359905"	1173	900	1384	3131	4975	3620	4857	2391	1330	3627	2405	1200	467	2996	5528	3312	1402	1274	2377	3711	1017	968
"putative_sRNA:m1365337_1365478"	8	0	0	2	17	6	3	6	5	13	3	1	0	6	3	13	4	7	5	16	5	0
"putative_sRNA:m1371077_1371654"	666	337	672	1907	2297	1711	3139	1538	911	4122	2983	1191	317	2143	1995	1885	821	853	1957	3125	892	778
"putative_sRNA:p1372453_1372927"	1442	666	1155	3900	4839	3371	6091	3059	1648	4626	2636	1343	474	2619	2567	3698	1844	1677	3019	5137	1105	790
"putative_sRNA:p1388439_1388897"	85	28	69	272	285	219	248	184	104	608	415	159	46	261	221	369	123	150	450	665	77	52
"putative_sRNA:p1392363_1392828"	174	114	201	413	445	389	579	343	161	784	484	200	60	335	265	661	341	379	420	783	231	137
"putative_sRNA:m1394172_1394970"	92	68	142	225	226	182	444	208	102	453	336	109	55	374	354	1098	489	560	239	447	279	209
"putative_sRNA:m1400000_1400390"	591	369	697	1523	1523	1151	2644	1638	867	1583	1145	569	218	1262	1063	2415	1229	1115	1226	1946	693	503
"putative_sRNA:p1404636_1404974"	16	13	39	18	43	22	38	23	10	118	72	26	2	35	29	162	88	107	29	65	18	15
"putative_sRNA:m1409375_1409460"	345	267	396	484	684	487	880	621	351	819	578	213	70	416	564	259	121	137	730	1126	251	182
"putative_sRNA:m1412439_1413225"	976	928	1339	1947	2133	1636	5442	4274	2055	2580	1638	713	383	2351	2047	4450	2597	2311	1106	2167	992	1457
"putative_sRNA:p1420043_1420770"	551	268	466	1186	1625	1123	2419	986	620	2271	1618	627	138	640	824	441	198	248	1132	2122	268	249
"putative_sRNA:m1437402_1437902"	15	34	71	22	20	31	11	20	2	12	16	3	2	5	4	29	11	8	8	29	110	140
"putative_sRNA:p1471592_1471813"	10714	6452	13538	27218	36940	24509	49568	26629	19977	29867	30497	15300	2479	14344	10487	11076	5400	6559	49357	64333	9524	10684
"putative_sRNA:m1472881_1472953"	0	0	0	0	0	0	0	0	0	0	0	0	0	1	1	0	1	0	1	1	0	0
"putative_sRNA:m1473010_1473079"	0	0	0	0	0	0	1	1	0	0	0	0	0	0	0	0	0	0	0	1	0	0
"putative_sRNA:m1473149_1473247"	0	0	0	0	1	0	0	0	0	0	0	0	0	0	0	0	0	0	0	0	0	0
"putative_sRNA:m1473909_1474188"	0	1	1	4	5	1	0	1	0	0	0	0	1	0	5	0	1	0	0	1	0	0
"putative_sRNA:m1476314_1476516"	0	0	0	0	1	0	3	0	0	3	0	0	0	1	1	0	0	0	2	1	0	0
"putative_sRNA:m1476635_1476783"	0	0	2	0	0	0	1	0	0	0	1	0	4	5	1	0	1	0	0	0	2	1
"putative_sRNA:p1477026_1477887"	492	202	517	2041	2895	1946	5450	2408	1373	4409	3128	1394	194	1289	1348	963	485	383	1939	3087	655	565
"putative_sRNA:p1481426_1481864"	8	6	13	38	67	60	176	38	34	363	234	68	6	28	39	55	19	24	70	130	19	22
"putative_sRNA:p1481912_1482449"	12	6	17	50	51	37	149	30	20	218	193	61	7	37	33	51	26	25	59	103	43	21
"putative_sRNA:p1483509_1484022"	89	39	64	204	260	179	358	163	118	637	440	119	46	200	199	195	72	108	354	595	147	89
"putative_sRNA:m1486624_1486902"	312	165	333	1171	1215	869	777	497	273	1684	1086	481	240	1210	809	1391	604	651	1172	2268	216	144
"putative_sRNA:p1491075_1491412"	70	81	117	80	144	124	156	73	46	170	103	57	18	155	186	214	123	110	133	180	93	55
"putative_sRNA:p1522474_1522943"	231	374	499	107	139	147	377	168	100	156	119	37	15	98	88	209	105	104	88	107	135	102
"putative_sRNA:p1524631_1525190"	159	122	182	385	423	369	448	214	150	832	639	145	36	289	219	337	144	202	851	1385	73	74
"putative_sRNA:m1530035_1530745"	380	317	504	547	762	585	740	366	261	1025	746	227	42	236	357	272	131	130	1010	1801	284	194
"putative_sRNA:p1535563_1535874"	330	159	307	591	654	534	1710	876	542	1206	905	333	61	473	429	270	111	147	605	1009	384	278
"putative_sRNA:p1547129_1547275"	440	196	383	832	755	567	1907	1397	641	1415	951	214	70	706	381	1088	415	681	919	1576	772	551
"putative_sRNA:m1548515_1548749"	276	194	281	525	738	597	1132	603	391	706	526	131	85	637	737	732	329	330	529	862	205	182
"putative_sRNA:m1560878_1561418"	280	121	302	1112	1340	965	1237	654	414	2052	1489	577	208	876	1016	1452	683	852	1138	2059	235	185
"putative_sRNA:p1574058_1574716"	13	18	16	40	43	18	131	66	43	75	37	8	2	60	58	23	3	18	46	64	34	26
"putative_sRNA:p1602436_1602720"	83	84	97	138	157	181	299	168	98	244	145	70	25	95	108	141	112	84	112	203	89	82
"putative_sRNA:m1606955_1607363"	9	16	22	26	42	64	61	24	27	130	81	37	9	39	51	54	15	26	56	74	7	9
"putative_sRNA:m1607430_1608018"	379	275	444	807	1107	740	1362	621	377	1275	897	328	86	563	765	885	440	430	1006	1683	369	314
"putative_sRNA:p1628636_1629485"	299	204	323	794	1064	850	1589	876	466	971	607	290	130	977	921	1528	763	784	498	752	375	326
"putative_sRNA:p1639985_1640604"	359	157	376	913	1180	854	1960	1000	553	1109	797	290	186	1053	1021	2203	1214	1015	635	1058	304	256
"putative_sRNA:m1659768_1660077"	156	98	197	220	435	290	625	358	151	268	198	104	40	374	430	337	166	253	228	492	94	111
"putative_sRNA:m1678019_1678632"	114	65	157	296	458	333	364	263	190	354	207	90	49	506	467	804	466	422	216	367	152	139
"putative_sRNA:m1697431_1698082"	695	435	844	1976	2305	1474	2536	1627	827	3534	2581	514	152	1180	906	864	370	627	2760	4995	888	597
"putative_sRNA:m1702428_1702764"	505	170	400	1059	1192	841	1398	1067	579	1909	1406	441	92	593	464	386	172	319	1729	3189	383	288
"putative_sRNA:p1705900_1706425"	40	23	42	168	200	189	145	98	42	315	254	76	15	192	154	107	64	75	214	309	55	39
"putative_sRNA:p1725083_1725349"	78	32	43	166	198	154	174	117	78	362	212	60	16	198	163	238	105	107	164	272	37	32
"putative_sRNA:m1728722_1728862"	33	17	31	38	31	29	73	44	16	57	58	14	5	42	36	33	10	15	37	64	21	9
"putative_sRNA:m1745577_1745788"	49	35	29	40	109	86	170	88	60	118	63	28	6	65	51	33	23	29	46	89	46	54
"putative_sRNA:m1749565_1749877"	139	129	210	633	549	526	1310	582	301	783	459	234	35	334	215	236	96	87	374	485	182	205
"putative_sRNA:m1756719_1756992"	23	8	27	61	41	40	65	52	41	88	53	18	6	21	39	30	13	30	70	85	30	30
"putative_sRNA:p1771065_1771431"	101	85	112	147	221	164	283	146	133	343	216	89	23	166	165	193	111	124	203	354	92	43
"putative_sRNA:p1785797_1785977"	177	212	231	564	744	591	765	370	209	1243	721	353	74	357	539	556	308	372	968	1442	99	106
"putative_sRNA:p1786235_1787229"	251	167	294	797	1288	1038	865	470	318	1397	735	450	97	703	681	1072	609	547	571	877	155	132
"putative_sRNA:p1788544_1789146"	1102	1121	1452	609	739	604	1715	742	657	691	490	194	73	389	600	645	254	190	445	624	142	149
"putative_sRNA:m1830598_1830748"	249	131	216	678	1201	949	530	344	176	1233	930	350	117	825	919	1489	798	703	1065	1531	155	137
"putative_sRNA:m1833282_1833497"	114	40	98	293	293	189	379	281	158	293	249	108	22	242	198	350	221	215	269	475	78	93
"putative_sRNA:m1837169_1837372"	90	74	94	195	162	151	329	178	98	251	144	75	17	117	110	148	88	101	156	255	111	82
"putative_sRNA:p1849439_1849802"	179	107	245	568	762	531	1138	514	273	1016	640	281	122	628	496	420	242	287	400	544	350	269
"putative_sRNA:p1849883_1850308"	490	314	546	1315	1713	1295	2107	1180	622	2147	1677	734	203	987	1402	644	323	333	1263	2067	585	430
"putative_sRNA:p1854534_1855360"	148	59	198	705	1202	990	1690	530	309	2395	1744	633	142	937	1627	704	297	208	537	945	52	45
"putative_sRNA:m1859006_1859348"	131	40	136	351	455	335	612	256	138	877	619	259	39	274	356	214	126	112	439	714	59	47
"putative_sRNA:p1862446_1862877"	80	40	82	376	429	442	390	169	115	1111	791	288	65	292	246	409	174	198	500	897	61	66
"putative_sRNA:p1864018_1864294"	186	151	314	627	956	665	816	529	240	893	546	340	124	587	753	2344	1281	1010	413	768	130	160
"putative_sRNA:m1870273_1870495"	24	2	20	101	101	65	80	37	23	138	79	36	11	66	58	125	58	77	61	92	19	5
"putative_sRNA:p1892946_1893118"	65	41	66	126	147	91	291	121	84	135	100	39	12	57	73	91	43	42	52	104	110	61
"putative_sRNA:p1896894_1897207"	434	386	544	580	954	789	1308	618	417	1031	682	374	89	591	877	542	288	253	767	1424	211	173
"putative_sRNA:m1905852_1906341"	157	69	92	348	405	352	563	286	118	433	329	135	52	261	245	301	205	164	254	452	468	449
"putative_sRNA:p1933961_1934758"	180	214	420	154	251	180	208	115	101	226	183	52	27	95	137	763	408	380	209	349	632	471
"putative_sRNA:p1941696_1941763"	188	86	157	396	656	492	800	401	228	1031	744	415	58	339	478	215	102	97	509	880	55	53
"putative_sRNA:p1956782_1957033"	123	198	290	137	213	206	310	147	58	359	271	108	12	93	158	88	51	48	225	377	84	48
"putative_sRNA:p1957414_1957592"	89	108	157	86	101	92	174	85	44	233	170	70	18	74	85	112	81	56	202	239	56	54
"putative_sRNA:p1960667_1961407"	4028	2632	4280	842	9372	6801	16168	10610	9581	230	132	92	34	234	377	2300	1973	2084	136	288	1527	4225
"putative_sRNA:p1962173_1962531"	122	88	253	55	122	42	250	127	58	158	91	23	2	43	59	344	161	363	70	132	147	91
"putative_sRNA:p1970907_1971249"	327	103	242	838	997	794	1463	805	363	1515	1258	449	111	561	701	512	249	282	1123	2174	283	220
"putative_sRNA:p1985297_1985996"	93	79	128	231	245	146	173	99	91	490	374	185	32	148	89	189	78	94	434	773	65	71
"putative_sRNA:m1992588_1993440"	374	261	483	892	1165	1032	1746	834	611	1380	1007	326	159	973	1196	1072	457	454	667	1040	678	552
"putative_sRNA:p1998947_1999675"	734	325	773	2660	2798	2044	3792	1658	1026	6638	4971	1587	228	1453	1094	1026	382	513	4298	6848	432	342
"putative_sRNA:m2014734_2015221"	255	155	227	486	746	536	1040	458	321	776	521	182	92	676	757	652	316	384	564	693	218	145
"putative_sRNA:p2017423_2017593"	171	85	98	413	397	245	531	342	177	430	309	133	55	477	365	1063	558	560	433	656	138	148
"putative_sRNA:m2022822_2023437"	97	108	177	248	278	222	357	231	115	489	350	107	37	241	255	344	165	171	390	569	112	103
"putative_sRNA:m2034099_2034414"	100	51	65	348	372	302	543	271	213	674	472	185	39	245	230	364	212	304	302	483	81	45
"putative_sRNA:m2039637_2039853"	112	55	151	175	326	239	349	165	126	401	312	116	49	161	215	216	122	113	240	451	141	108
"putative_sRNA:m2040280_2040517"	71	35	87	78	98	74	159	106	50	138	91	45	8	58	75	55	39	36	164	291	44	55
"putative_sRNA:p2047604_2047795"	727	546	573	1036	1028	934	2651	1334	801	1749	1093	561	113	862	843	3927	1965	2049	1635	2272	2016	2067
"putative_sRNA:p2055248_2055667"	309	170	283	563	561	431	1089	619	309	820	581	191	103	666	533	901	446	517	488	957	634	439
"putative_sRNA:p2055929_2056301"	149	98	116	374	474	379	411	211	127	718	606	209	33	237	357	393	140	166	658	1113	136	105
"putative_sRNA:m2057418_2057734"	32	21	31	114	145	97	157	75	31	203	134	64	17	86	60	73	36	69	130	137	27	35
"putative_sRNA:m2058035_2059284"	161	149	298	300	367	328	416	266	120	489	379	125	24	276	231	578	331	242	238	494	213	154
"putative_sRNA:m2074580_2074769"	74	32	83	206	202	183	294	186	70	370	223	79	34	287	171	311	170	215	336	566	105	74
"putative_sRNA:m2077392_2077947"	749	417	668	1507	1447	1111	3175	1472	767	2299	1696	603	188	996	1171	874	410	601	1042	1867	740	484
"putative_sRNA:p2078866_2079789"	141	95	176	622	814	651	750	374	201	898	614	294	167	1177	1418	2618	1224	944	502	871	129	84
"putative_sRNA:p2081572_2082135"	317	143	236	670	746	598	2030	1070	507	898	471	220	171	1007	1076	1012	480	564	279	591	374	401
"putative_sRNA:p2083284_2083433"	37	13	28	68	59	50	127	56	40	88	61	23	8	37	62	42	45	40	27	94	17	11
"putative_sRNA:p2087193_2087880"	317	164	327	899	1124	779	1675	809	449	1343	1033	322	205	1404	1163	1989	824	923	916	1610	440	375
"putative_sRNA:p2096740_2096827"	9	5	8	4	9	3	10	15	8	9	11	4	260	2133	1841	1248	543	682	32	32	7	6
"putative_sRNA:m2096828_2097114"	297	153	310	792	908	676	1357	792	415	1166	620	259	10	205	78	642	289	293	609	1159	368	361
"putative_sRNA:m2106185_2106690"	306	188	372	1500	1507	1274	1952	1123	516	2314	1614	505	203	1193	840	2654	1094	1457	1462	3104	553	365
"putative_sRNA:m2115207_2115457"	0	1	7	0	0	6	6	2	1	0	0	4	0	0	5	6	5	3	4	1	2	0
"putative_sRNA:m2116172_2116449"	38	21	63	43	40	39	61	38	27	64	50	10	7	44	40	126	60	70	49	69	26	31
"putative_sRNA:m2124453_2125115"	256	51	148	178	208	142	265	293	150	496	501	191	1583	9960	11463	13500	6595	7184	1497	2402	167	112
"putative_sRNA:m2127802_2128193"	135	83	156	384	449	490	739	383	206	894	537	272	47	397	370	400	219	164	466	747	198	115
"putative_sRNA:m2136770_2137072"	173	138	317	450	602	444	754	468	245	586	382	211	136	617	566	903	482	596	391	734	217	184
"putative_sRNA:p2141951_2142173"	39	52	106	102	114	113	242	120	49	181	97	37	17	83	68	130	49	51	90	155	83	76
"putative_sRNA:p2145615_2145822"	3	0	4	5	9	9	11	3	0	27	21	8	3	8	12	18	9	7	10	12	6	0
"putative_sRNA:p2145893_2146606"	770	272	666	1118	1752	1444	2569	1250	801	1680	1218	496	230	1158	1855	1265	670	567	762	1054	418	302
"putative_sRNA:m2148038_2148398"	537	205	459	859	1028	744	2184	1323	734	1183	736	267	56	413	250	286	139	194	909	1532	496	324
"putative_sRNA:m2160743_2160893"	85	36	88	120	115	121	187	106	59	265	156	63	5	71	61	72	75	76	137	230	43	36
"putative_sRNA:m2174912_2175197"	54	14	42	82	132	43	158	126	44	100	95	45	14	80	90	255	105	167	87	140	41	33
"putative_sRNA:m2177620_2178432"	10	13	15	26	20	18	68	44	25	37	28	12	6	36	14	55	29	40	26	36	19	33
"putative_sRNA:m2189664_2190256"	401	331	528	830	691	828	1393	823	419	1434	882	483	113	486	571	988	549	412	893	1587	487	453
"putative_sRNA:m2193753_2194613"	537	220	525	1662	2147	1584	2244	1034	592	4140	3205	1199	210	1154	1290	754	346	444	2849	4977	291	228
"putative_sRNA:m2207201_2207499"	27	18	35	30	40	49	64	25	20	62	40	12	11	51	50	962	709	648	33	109	32	13
"putative_sRNA:p2222371_2222698"	104	99	161	184	345	264	468	241	120	371	307	93	16	311	330	211	107	80	156	295	142	103
"putative_sRNA:m2225271_2225351"	85	47	99	291	370	221	251	140	108	523	394	144	77	448	478	718	326	447	527	845	45	42
"putative_sRNA:m2226900_2227060"	247	126	267	585	542	380	729	407	275	980	631	202	71	442	338	494	186	303	474	1023	301	239
"putative_sRNA:p2228709_2229474"	396	253	323	443	781	482	666	399	283	708	529	169	120	714	747	725	381	367	656	1151	171	187
"putative_sRNA:p2232306_2232612"	119	50	113	295	286	218	269	153	105	896	619	164	25	154	162	115	43	79	589	1043	92	50
"putative_sRNA:p2232671_2233435"	367	369	486	110	115	143	245	173	104	154	124	37	100	658	572	2377	1011	1517	110	244	1084	865
"putative_sRNA:p2233702_2234099"	187	140	264	275	443	362	365	240	157	238	192	83	44	181	161	268	117	185	354	653	178	138
"putative_sRNA:p2234949_2235396"	32	9	7	45	82	65	111	37	28	71	62	35	3	65	51	101	46	53	45	77	26	28
"putative_sRNA:p2243434_2244127"	307	89	172	61	82	66	197	169	791	129	83	34	8	48	33	143	108	222	47	97	37	38
"putative_sRNA:m2253137_2254118"	230	255	366	473	757	735	1054	380	308	724	523	139	65	499	744	840	377	353	405	747	165	198
"putative_sRNA:p2256620_2257156"	127	76	128	71	105	72	232	118	151	161	175	68	6	39	52	104	53	66	110	207	27	24
"putative_sRNA:m2259693_2260147"	302	258	402	509	756	543	874	425	360	823	687	276	70	414	481	496	230	193	611	982	310	240
"putative_sRNA:m2281843_2282447"	36	31	92	44	69	49	133	86	41	101	67	11	1	28	25	79	17	51	56	103	47	50
"putative_sRNA:p2288968_2289194"	196	80	172	186	311	214	558	284	209	337	269	113	26	201	211	144	79	103	211	360	142	100
"putative_sRNA:m2324540_2324624"	127	49	102	285	371	278	447	208	156	612	465	235	30	182	228	173	68	80	628	1134	84	45
"putative_sRNA:m2337170_2338039"	984	413	817	2436	2964	2309	6405	2968	1770	3597	2505	948	370	2829	2642	2737	1082	1358	1753	2861	891	758
"putative_sRNA:p2338251_2338585"	869	270	725	2598	2682	2100	3957	2351	1186	3127	2715	776	251	1684	1663	1484	717	983	2687	4464	867	532
"putative_sRNA:m2338557_2338641"	361	164	409	897	798	592	1863	929	542	885	777	271	146	921	931	650	231	407	615	1122	546	361
"putative_sRNA:m2343305_2343944"	192	291	389	59	99	79	110	52	49	104	88	33	8	33	29	185	133	126	56	120	61	49
"putative_sRNA:m2358589_2359119"	41	20	59	212	342	308	258	149	79	616	401	170	14	121	129	180	89	76	172	292	29	7
"putative_sRNA:m2359195_2359814"	936	372	655	1769	2385	1864	2408	1163	847	3073	2201	833	67	597	582	630	227	361	1756	3136	361	273
"putative_sRNA:m2364901_2365347"	280	144	397	1126	1186	1007	1230	544	358	2182	1592	605	122	963	710	891	413	416	993	1306	237	155
"putative_sRNA:p2376093_2376295"	21	7	12	23	46	17	52	48	11	83	38	30	8	40	50	164	76	80	49	81	11	7
"putative_sRNA:p2391995_2392598"	262	212	473	1157	1165	816	2213	1146	599	1714	1225	307	83	752	428	462	203	265	1021	1738	531	363
"putative_sRNA:m2401754_2401968"	3	1	4	15	17	14	2	3	7	20	39	5	4	22	18	30	9	26	23	24	1	3
"putative_sRNA:p2409635_2410352"	238	252	370	172	296	182	96	86	54	432	313	168	40	286	247	634	308	491	778	1260	84	115
"putative_sRNA:p2419897_2420020"	6	1	1	14	19	24	31	14	10	12	18	11	1	15	16	26	14	12	4	11	2	5
"putative_sRNA:p2425390_2426120"	629	338	526	1238	1412	1123	2292	1066	693	1612	1078	427	158	1041	1088	1447	755	742	846	1488	642	473
"putative_sRNA:m2435013_2435419"	196	129	166	461	656	465	779	363	232	866	582	261	89	492	529	483	288	251	338	615	145	113
"putative_sRNA:m2437990_2438349"	136	85	114	196	211	109	399	278	180	356	257	78	27	155	58	341	177	193	301	374	237	193
"putative_sRNA:m2448953_2449398"	153	111	213	420	390	320	568	313	212	724	433	161	28	247	163	313	158	183	448	767	225	173
"putative_sRNA:p2450051_2450485"	293	176	315	796	910	696	880	469	321	1248	980	319	97	552	345	577	305	271	1065	1770	579	473
"putative_sRNA:m2459855_2460356"	63	39	64	90	90	94	252	107	88	124	67	30	24	165	96	429	187	192	94	125	65	90
"putative_sRNA:m2472603_2473369"	892	551	1012	1580	1786	1354	3194	1683	1027	1945	1417	641	212	1464	1300	1425	678	922	928	1459	762	567
"putative_sRNA:m2477719_2478696"	212	102	204	507	575	467	1004	539	255	631	535	224	78	605	824	928	511	509	310	491	196	171
"putative_sRNA:m2484712_2485079"	131	64	207	255	334	239	398	234	127	533	329	123	37	178	209	313	110	138	257	425	171	156
"putative_sRNA:m2497650_2498369"	914	581	958	2068	3077	2232	4662	2600	1162	2440	1478	648	270	2106	2013	2190	1123	1134	1050	1968	985	820
"putative_sRNA:m2499148_2499380"	21	9	25	48	49	42	80	37	31	50	80	14	4	58	17	53	29	25	18	45	43	32
"putative_sRNA:m2499974_2500821"	285218	126736	215455	246377	518188	443306	731663	409219	276574	249899	147364	57795	35056	276329	248470	337492	180571	334343	81389	122800	141047	90159
"putative_sRNA:p2500383_2500819"	19	9	30	124	124	86	78	43	39	282	285	59	22	80	66	128	32	50	308	490	37	26
"putative_sRNA:p2510345_2510415"	94	83	115	332	284	288	437	279	142	399	263	81	17	175	226	134	64	105	314	348	168	167
"putative_sRNA:p2512164_2512215"	89	38	89	330	471	318	338	215	76	814	580	169	21	220	391	166	82	75	650	1159	64	50
"putative_sRNA:m2519621_2519803"	13	9	24	12	40	16	54	31	12	27	22	1	7	22	34	62	54	16	19	22	14	6
"putative_sRNA:p2544396_2544655"	74	69	102	98	139	79	306	136	99	240	197	63	12	84	67	89	50	77	102	143	88	85
"putative_sRNA:m2560551_2560672"	63	44	81	236	349	245	465	195	127	631	494	115	41	216	268	119	64	51	294	395	105	86
"putative_sRNA:m2567333_2568089"	278	178	271	497	690	484	1384	684	453	724	451	228	76	430	502	373	216	164	473	681	230	270
"putative_sRNA:m2575250_2575586"	135	52	101	138	263	184	360	212	144	311	227	78	39	277	283	390	211	234	181	308	108	60
"putative_sRNA:m2584312_2584614"	96	48	80	188	228	189	404	227	130	335	256	84	49	394	368	483	240	327	235	335	122	93
"putative_sRNA:m2596867_2596971"	150	73	153	449	1076	955	530	302	125	898	629	286	103	631	708	469	238	204	241	488	104	49
"putative_sRNA:m2600247_2600648"	221	57	157	134	179	144	494	264	133	380	323	94	24	143	133	71	51	60	192	383	139	72
"putative_sRNA:p2614511_2614580"	124	60	142	276	225	165	389	217	118	476	278	117	38	182	180	193	81	127	500	730	117	56
"putative_sRNA:m2619145_2619395"	121	97	157	369	332	320	699	400	209	605	389	158	30	360	262	420	229	334	362	627	168	141
"putative_sRNA:m2624022_2624456"	217	123	186	625	851	588	804	509	215	1456	1067	470	112	702	491	479	215	274	621	1049	156	128
"putative_sRNA:p2625855_2626155"	198	114	195	448	594	405	692	389	238	705	497	164	66	480	548	779	465	439	437	769	183	162
"putative_sRNA:m2636878_2637286"	237	135	217	622	858	651	1079	529	387	846	638	324	55	468	482	608	334	274	514	700	167	128
"putative_sRNA:p2637471_2638352"	466	375	716	1568	1745	1477	1603	930	607	2357	1870	828	260	1558	1463	1928	904	945	2213	3560	553	465
"putative_sRNA:p2649638_2650133"	2216	963	1687	3234	3297	2331	11233	5987	3976	4668	2887	1051	344	2481	2211	700	394	359	1825	2944	1518	1055
"putative_sRNA:m2651855_2651983"	172	78	140	239	337	306	554	293	132	387	292	161	83	547	634	1031	530	576	203	393	92	89
"putative_sRNA:p2652473_2652805"	230	114	252	435	552	436	641	369	189	668	524	281	64	403	396	273	106	213	468	1014	66	68
"putative_sRNA:p2680363_2680716"	279	154	333	744	818	512	897	628	339	1075	708	273	183	1248	1227	1437	605	1167	1009	1737	597	456
"putative_sRNA:m2680422_2680787"	361	217	355	538	682	483	1133	579	399	1159	803	286	72	398	539	349	166	169	823	1320	176	140
"putative_sRNA:m2692217_2692360"	1	0	0	5	0	8	2	5	0	8	4	1	0	2	4	2	0	1	6	10	0	0
"putative_sRNA:p2694797_2695095"	25	15	36	104	90	73	324	119	93	136	88	27	15	77	88	194	102	106	34	77	78	51
"putative_sRNA:p2695885_2696861"	1045	673	1326	1257	1420	1217	2449	1290	733	2324	1664	633	99	669	687	572	272	318	2260	3806	901	609
"putative_sRNA:m2710081_2710149"	128	68	111	311	499	383	854	336	213	564	430	192	52	542	487	373	168	174	263	339	91	72
"putative_sRNA:m2718947_2719145"	82	43	31	191	167	92	267	208	106	413	325	90	35	208	176	181	124	127	206	357	61	55
"putative_sRNA:p2727964_2728150"	239	214	286	258	213	152	723	443	235	502	360	123	68	488	313	115	93	72	199	288	210	246
"putative_sRNA:p2744416_2744722"	729	385	789	1335	2049	1304	2517	1258	910	1907	1498	648	208	1055	1179	1404	696	1078	1430	2829	549	382
"putative_sRNA:m2745032_2745213"	632	325	642	1732	2237	1821	2827	1517	1052	2779	1885	662	214	1311	1696	1405	616	986	1811	3237	604	418
"putative_sRNA:m2765765_2766328"	234	109	191	606	995	846	1285	626	377	930	719	269	188	939	1134	1523	786	859	448	830	272	227
"putative_sRNA:p2786293_2786750"	362	114	184	334	459	295	672	459	270	674	526	166	23	197	205	214	104	148	602	965	202	124
"putative_sRNA:p2817136_2817228"	208	328	354	234	165	116	318	178	101	246	137	47	54	364	436	239	113	91	159	325	58	64
"putative_sRNA:p2819220_2819627"	410	269	508	1101	953	732	1994	870	602	1021	645	314	346	1501	1111	986	506	316	733	1178	382	286
"putative_sRNA:p2828512_2829017"	953	421	908	1860	2498	2378	2210	970	906	2918	2076	925	741	4310	6456	1052	478	601	1727	2862	184	139
"putative_sRNA:p2834571_2834878"	16	18	40	70	51	47	145	57	25	71	37	16	6	57	53	121	50	48	23	44	55	88
"putative_sRNA:p2850154_2850328"	37	16	31	77	95	63	138	78	43	141	96	36	24	133	103	246	152	116	95	109	49	42
"putative_sRNA:m2865822_2866758"	1953	877	1737	3818	4808	3949	10411	4232	3074	5354	3004	1436	803	4410	7149	3575	1665	1357	2699	4043	1021	970
"putative_sRNA:p2870778_2871608"	201	244	342	697	622	551	1227	659	392	935	586	241	44	226	134	691	332	374	314	565	456	361
"putative_sRNA:p2881111_2881257"	60	24	37	187	240	144	97	51	50	642	474	152	18	115	33	77	50	66	825	1368	81	38
"putative_sRNA:m2885828_2886555"	209	134	191	334	362	423	856	530	263	519	370	90	45	308	304	325	169	148	249	655	195	206
"putative_sRNA:m2907494_2907744"	144	58	141	479	583	613	976	383	277	573	381	243	71	385	459	462	269	251	264	480	217	173
"putative_sRNA:p2912095_2912639"	109	86	153	212	334	261	420	235	130	336	225	83	44	293	295	455	219	261	161	209	106	96
"putative_sRNA:p2913405_2914211"	789	579	977	1590	2953	2158	3347	1904	883	1743	1264	625	275	2223	2182	3986	2343	2071	1310	2541	804	618
"putative_sRNA:p2914331_2914660"	61	38	53	107	135	83	188	116	51	167	90	34	12	78	70	112	72	49	126	218	86	66
"putative_sRNA:p2933737_2934065"	133	103	192	282	280	224	510	268	149	434	336	71	29	228	229	182	62	111	351	562	131	115
"putative_sRNA:m2949590_2949837"	22	13	44	7	9	4	12	5	8	14	10	4	0	2	5	12	9	3	11	29	3	1
"putative_sRNA:p2951543_2952046"	50	21	62	53	69	43	159	75	55	123	64	35	16	85	64	212	96	89	51	113	76	74
"putative_sRNA:m2956172_2956322"	1	0	1	4	3	0	4	6	6	1	7	5	0	7	0	2	8	3	4	13	8	4
"putative_sRNA:p2964866_2964997"	199	83	145	160	148	124	538	348	162	165	88	55	45	358	315	609	293	653	59	134	339	193
"putative_sRNA:p2977824_2978266"	97	76	146	299	350	305	477	265	110	528	378	129	32	326	215	550	254	283	335	587	97	98
"putative_sRNA:p2978540_2979452"	819	423	723	2046	3054	2448	3049	1526	807	4457	3020	1408	203	1228	1410	1440	859	825	1781	3063	437	367
"putative_sRNA:p2979960_2980895"	83	40	76	110	133	124	240	162	97	220	152	71	16	95	117	185	82	122	193	304	71	65
"putative_sRNA:p2980925_2981118"	1315	2570	3828	1467	1277	1146	1585	1347	875	697	463	184	185	958	784	14488	7487	7676	610	1196	3002	2629
"putative_sRNA:m2982505_2983077"	357	296	529	1173	1913	1494	1702	944	565	1357	963	359	144	1286	1469	2223	1095	1095	682	1405	551	497
"putative_sRNA:m2983227_2983601"	155	66	196	405	599	538	261	128	122	659	455	247	241	1344	1855	231	127	155	259	444	24	11
"putative_sRNA:p3012679_3012956"	234	117	205	455	574	435	904	567	259	505	402	204	80	487	398	907	517	493	375	626	248	160
"putative_sRNA:p3015860_3015983"	116	71	133	387	454	319	308	256	113	610	412	200	63	359	338	647	262	360	718	1166	141	118
"putative_sRNA:m3023699_3024054"	176	106	111	400	475	329	580	299	211	503	331	169	97	475	401	825	468	437	276	536	145	122
"putative_sRNA:m3025832_3026320"	217	86	187	495	503	355	1022	592	314	784	549	206	106	648	573	630	288	386	394	731	309	279
"putative_sRNA:m3027176_3027621"	227	104	158	447	509	390	936	459	285	537	379	137	33	358	222	327	152	232	295	486	199	150
"putative_sRNA:p3032927_3033294"	92	57	127	270	269	218	457	229	128	625	500	201	84	552	591	495	273	250	340	633	121	101
"putative_sRNA:m3034799_3034983"	137	57	122	244	344	293	468	286	205	255	199	58	31	214	333	220	100	115	267	509	63	53
"putative_sRNA:p3050811_3051020"	38	27	49	100	90	60	111	62	44	173	136	38	9	56	87	112	42	43	110	220	48	25
"putative_sRNA:p3061438_3062300"	120	69	148	664	688	485	786	420	220	841	633	165	65	576	396	828	440	411	349	811	235	204
"putative_sRNA:m3062947_3063188"	170	99	163	595	910	568	789	373	200	1582	1105	508	45	458	380	287	136	162	644	1366	112	74
"putative_sRNA:m3064003_3064276"	51	48	73	165	216	203	237	118	56	420	292	127	24	190	231	191	116	85	198	357	50	43
"putative_sRNA:p3064897_3065083"	22	9	55	18	20	26	41	24	15	46	40	12	0	23	39	30	35	27	21	41	25	15
"putative_sRNA:p3081738_3082014"	135	100	135	305	418	261	560	311	203	553	325	169	34	247	279	516	239	301	360	492	158	149
"putative_sRNA:p3082534_3082704"	196	187	276	664	763	586	720	495	264	1225	866	297	106	536	545	631	273	338	549	1092	223	152
"putative_sRNA:m3094924_3095549"	43	47	62	73	115	72	139	80	35	253	189	69	23	122	111	145	74	113	165	266	53	45
"putative_sRNA:p3106334_3106528"	15	7	12	31	34	26	41	18	12	27	15	12	4	24	17	154	91	110	21	39	11	11
"putative_sRNA:p3123636_3124446"	1439	835	1657	7348	7069	4184	4161	3054	1739	9521	7470	3023	495	3243	1379	920	385	458	18738	28834	877	546
"putative_sRNA:p3132760_3133495"	45	36	81	165	141	135	245	136	69	242	182	84	17	105	97	81	34	50	128	197	52	32
"putative_sRNA:p3135542_3136424"	63	38	59	222	231	152	250	123	86	434	314	153	24	93	172	153	69	106	214	385	35	25
"putative_sRNA:m3151034_3151103"	62	26	80	251	362	329	309	198	94	890	652	306	38	230	250	403	184	237	328	592	49	25
"putative_sRNA:p3154677_3154924"	6	9	16	35	76	36	75	44	20	161	151	21	1	54	95	395	139	201	84	91	30	23
"putative_sRNA:m3162362_3162511"	49	39	54	151	166	154	211	137	72	260	136	50	17	147	191	253	121	120	118	183	49	57
"putative_sRNA:m3186137_3186497"	59	34	37	92	105	116	263	125	39	209	153	80	8	83	116	120	74	48	196	234	61	64
"putative_sRNA:m3202086_3202424"	43	32	68	184	230	170	275	113	78	394	314	115	17	167	148	322	125	216	176	300	49	86
"putative_sRNA:p3205507_3205750"	98	45	104	312	358	266	417	237	170	467	367	168	44	235	190	251	96	128	245	529	108	67
"putative_sRNA:p3210758_3211238"	22	69	43	98	130	85	178	113	66	120	81	22	38	180	125	378	147	192	72	120	161	166
"putative_sRNA:p3221722_3222237"	10	49	35	10	13	2	14	7	12	27	7	6	2	7	1	29	8	22	5	21	0	4
"putative_sRNA:p3281523_3281801"	133	71	140	265	266	185	474	268	127	334	232	81	19	168	127	321	111	219	169	389	186	167
"putative_sRNA:m3285774_3286258"	93	41	65	205	278	174	455	181	138	267	211	77	49	224	245	419	199	246	178	266	74	109
"putative_sRNA:m3287664_3287850"	4	0	4	6	13	21	28	8	3	21	22	8	0	16	7	13	8	6	16	26	11	6
"putative_sRNA:p3297864_3298150"	79	37	115	73	76	54	80	32	41	88	68	26	2	49	46	28	8	16	44	65	45	38
"putative_sRNA:m3308858_3309184"	13	1	26	68	81	40	68	23	19	153	115	32	11	64	54	38	21	21	92	121	25	30
"putative_sRNA:p3318181_3318441"	104	57	85	290	300	241	316	219	145	460	357	112	28	187	103	146	63	91	367	588	123	80
"putative_sRNA:p3325702_3325799"	476	208	464	928	1326	924	1171	597	413	1057	986	297	101	678	971	629	263	312	1061	1852	301	231
"putative_sRNA:p3331787_3332487"	708	300	585	2253	2087	1408	3626	1967	1144	4753	3471	1313	164	1153	511	781	368	511	4298	6729	1982	1358
"putative_sRNA:m3348107_3348464"	96	81	147	255	310	249	489	211	178	476	386	165	58	347	264	394	202	193	252	322	207	194
"putative_sRNA:m3356183_3356921"	618	400	751	1159	1587	1159	1502	832	607	1755	1331	512	103	567	985	452	219	212	1947	3129	369	254
"putative_sRNA:p3359409_3359868"	88	56	75	142	234	186	210	99	71	390	320	92	18	141	107	155	66	54	258	442	60	52
"putative_sRNA:p3368482_3368622"	28	20	37	53	66	45	66	49	28	74	70	16	4	59	49	60	29	40	77	99	24	15
"putative_sRNA:p3370499_3370612"	16	16	25	20	59	30	38	38	17	35	36	10	8	49	28	68	50	32	22	39	14	9
"putative_sRNA:p3381321_3382075"	838	317	764	1500	1972	1786	1859	827	794	2103	1391	643	571	3467	5464	799	407	512	1421	2411	183	140
"putative_sRNA:p3382088_3382463"	61	29	61	178	205	228	95	50	56	249	175	101	93	561	784	66	55	42	109	192	5	10
"putative_sRNA:p3382631_3383138"	156	164	300	428	718	661	664	418	244	560	465	175	47	397	566	483	243	253	389	760	253	188
"putative_sRNA:m3388896_3388983"	109	41	109	396	542	328	563	223	182	1342	1219	226	104	551	616	652	257	387	892	1199	68	41
"putative_sRNA:p3398832_3399244"	103	76	109	299	336	309	534	214	167	450	328	108	40	273	366	351	167	226	227	378	71	91
"putative_sRNA:p3402851_3403158"	45	13	24	83	75	61	134	94	46	121	77	26	10	97	71	105	64	67	84	165	26	18
"putative_sRNA:m3416856_3417128"	6	19	27	38	43	29	48	35	15	66	48	27	2	35	30	52	18	14	26	62	15	21
"putative_sRNA:p3421236_3421747"	675	246	430	1296	1043	995	903	557	460	1296	815	339	112	720	596	367	184	271	639	1142	262	203
"putative_sRNA:p3423253_3423494"	70	62	100	199	267	179	323	154	93	227	134	45	23	121	154	166	82	73	112	177	48	52
"putative_sRNA:m3425978_3426181"	146	118	167	286	279	184	439	306	185	511	407	183	24	221	167	407	230	211	260	394	176	161
"putative_sRNA:m3426313_3426473"	141	92	136	276	235	201	435	262	156	596	396	163	31	130	113	170	51	88	505	799	134	92
"putative_sRNA:p3442838_3443192"	42	12	38	53	86	64	135	86	39	96	69	45	2	45	33	122	77	80	42	56	76	48
"putative_sRNA:p3447453_3447642"	19	18	16	37	50	46	117	41	27	78	43	15	9	39	33	81	33	57	55	51	20	27
"putative_sRNA:p3461327_3461746"	190	124	221	454	636	380	860	437	268	463	324	73	64	476	486	1278	600	748	376	684	161	162
"putative_sRNA:m3464015_3464417"	51	40	28	86	84	60	112	85	45	213	138	45	2	88	33	134	86	77	79	151	58	33
"putative_sRNA:m3467964_3468402"	690863	339360	684260	693105	853536	714682	1776321	946713	524485	719094	628265	231625	89148	578564	764748	1051079	477673	911995	862465	1515639	456775	379600
"putative_sRNA:p3467968_3468335"	13	11	45	48	73	56	53	60	29	126	104	27	19	61	78	61	19	9	92	89	16	24
"putative_sRNA:m3481609_3481985"	81	26	99	192	304	287	121	63	53	280	213	99	115	650	914	100	53	62	108	200	10	9
"putative_sRNA:m3481998_3482752"	816	359	741	1461	1907	1790	1765	749	806	2089	1463	588	626	3355	5504	789	382	465	1335	2376	193	157
"putative_sRNA:m3492589_3492882"	82	104	156	162	195	164	212	105	85	187	127	66	18	88	148	146	92	68	167	254	112	54
"putative_sRNA:p3495207_3495367"	2	1	0	8	1	0	4	4	0	7	4	1	0	16	5	2	1	6	1	7	7	7
"putative_sRNA:m3504397_3505256"	603	365	753	1317	2128	1697	1803	1012	716	1965	1219	480	317	2105	2378	2909	1391	1559	1250	2158	592	447
"putative_sRNA:p3531146_3531198"	2	3	1	4	7	1	3	2	3	2	0	3	0	0	1	0	0	0	9	16	1	0
"putative_sRNA:p3531236_3531583"	25	20	46	35	57	33	19	14	5	31	38	14	0	38	25	9	13	3	633	1003	19	32
"putative_sRNA:m3537138_3537349"	198	117	255	486	552	469	978	468	321	987	729	246	65	379	419	230	96	82	1020	1510	205	172
"putative_sRNA:m3543725_3544109"	347	143	273	682	739	575	1408	575	379	1219	832	406	66	222	441	194	136	129	688	1097	135	122
"putative_sRNA:m3547231_3547382"	34	26	63	75	157	92	186	94	58	120	75	21	10	85	117	100	56	65	70	84	57	46
"putative_sRNA:m3556776_3557305"	1507	631	1476	2826	3144	2116	5783	3377	2476	3778	3002	932	152	857	746	355	142	200	3542	5436	595	446
"putative_sRNA:m3567242_3567480"	22	20	55	67	77	45	84	57	37	91	86	20	14	70	65	227	105	136	49	113	29	31
"putative_sRNA:p3581659_3582195"	277	267	389	450	542	459	768	396	281	687	537	203	44	341	352	570	272	330	489	742	350	295
"putative_sRNA:p3583542_3584168"	272	210	393	845	1138	924	1960	817	469	1578	1137	463	172	999	1049	1931	913	954	829	1409	560	407
"putative_sRNA:p3590704_3591058"	137	98	136	639	885	705	807	377	207	1208	826	450	81	676	1149	570	302	187	789	1083	54	26
"putative_sRNA:m3591784_3592492"	246	164	249	627	583	628	1111	599	351	721	415	184	76	550	470	1299	756	747	331	473	442	388
"putative_sRNA:p3597807_3598429"	1885	1119	1991	5246	6115	4730	6574	3971	2509	8618	6227	2825	664	4245	3561	2985	1265	1558	5941	10724	1761	1366
"putative_sRNA:p3621301_3621726"	97	42	83	167	218	158	324	91	92	244	224	81	30	228	159	362	184	221	246	370	153	119
"putative_sRNA:p3632082_3632640"	20	32	42	19	14	13	24	21	9	72	47	8	58	268	922	233	137	124	237	363	25	17
"putative_sRNA:p3637869_3638334"	23	12	21	29	34	21	47	29	16	71	48	27	10	21	28	63	34	41	38	64	14	15
"putative_sRNA:p3669983_3670309"	109	62	113	250	365	238	357	203	119	530	363	134	45	347	244	503	221	317	325	720	190	107
"putative_sRNA:m3680221_3680357"	35	21	23	93	120	95	177	89	66	203	130	63	20	80	55	100	55	54	76	105	30	5
"putative_sRNA:m3681560_3682014"	178	107	167	596	929	663	949	510	268	1354	788	436	80	560	615	501	249	313	425	839	174	144
"putative_sRNA:p3687705_3688078"	263	158	283	445	1000	693	904	523	314	809	465	227	74	452	463	424	207	236	359	628	190	131
"putative_sRNA:p3688420_3688810"	139	87	232	422	381	265	638	290	208	544	394	199	72	291	219	257	124	146	441	872	195	144
"putative_sRNA:m3698001_3698446"	195	73	202	469	599	344	911	509	255	736	550	214	47	436	378	536	301	267	350	582	204	173
"putative_sRNA:p3730002_3730552"	158	76	169	325	331	334	371	200	160	678	458	225	229	1211	719	1022	484	427	618	946	252	260
"putative_sRNA:p3744737_3745224"	354	125	307	917	1156	815	1076	653	372	2530	1687	837	151	1087	964	1236	630	782	1687	2844	261	143
"putative_sRNA:p3755769_3756382"	77	76	100	303	244	176	364	198	102	468	327	59	23	201	130	252	79	111	201	357	180	153
"putative_sRNA:p3775999_3776446"	85	39	62	352	372	283	486	226	95	532	376	148	29	237	174	404	183	346	305	545	55	51
"putative_sRNA:m3785892_3786445"	657	287	462	1690	1900	1345	2240	1051	625	2467	1699	579	186	1194	1032	1084	575	619	1178	2129	428	292
"putative_sRNA:m3790428_3790842"	325	115	315	1069	1353	991	1614	956	490	1370	982	488	87	548	466	347	171	214	1197	2203	374	255
"putative_sRNA:p3796925_3797195"	91	68	174	290	333	240	631	258	125	361	223	67	47	411	297	382	188	154	145	295	188	181
"putative_sRNA:p3798377_3798693"	176	118	305	683	1220	765	788	410	209	1197	888	119	49	474	649	609	208	251	1343	2321	401	272
"putative_sRNA:p3824410_3824897"	197	80	149	369	461	382	492	314	174	591	507	143	80	643	727	1130	425	552	577	1031	126	109
"putative_sRNA:m3842704_3842965"	26	23	51	104	97	94	164	82	44	249	206	63	10	110	75	137	78	113	168	243	67	49
"putative_sRNA:m3846602_3847194"	150	105	212	348	585	501	500	250	106	1165	1015	378	69	359	402	545	298	205	1069	1839	192	179
"putative_sRNA:p3846618_3846809"	65	40	83	407	382	305	425	232	125	461	350	84	17	126	60	69	37	45	307	592	210	183
"putative_sRNA:m3847318_3847625"	228	199	313	734	698	533	1492	677	423	1188	917	536	71	651	540	1078	602	571	987	1405	300	223
"putative_sRNA:p3847979_3848571"	125	60	118	546	666	634	927	323	223	1560	1296	548	26	255	349	314	160	144	1008	1641	79	68
"putative_sRNA:m3873542_3874418"	9	2	7	10	26	16	61	19	9	58	38	19	3	29	18	31	18	21	18	42	7	7
"putative_sRNA:p3877458_3877748"	129	159	228	294	456	384	433	171	141	383	267	131	31	264	390	440	196	176	310	496	119	62
"putative_sRNA:m3883857_3884818"	991	944	1243	588	822	597	1748	843	552	672	496	213	63	406	572	655	284	181	460	673	150	128
"putative_sRNA:p3907319_3907454"	0	7	4	3	7	2	9	3	5	14	10	7	2	4	4	17	5	12	12	11	8	0
"putative_sRNA:p3913610_3913903"	86	46	71	224	216	163	386	196	150	480	297	135	32	190	106	137	60	80	253	436	167	128
"putative_sRNA:p3916135_3916354"	57	52	82	242	265	136	312	251	91	330	183	100	20	152	76	204	102	116	368	269	62	45
"putative_sRNA:p3938694_3939243"	2	0	6	5	20	9	4	3	4	28	33	4	1	9	2	13	15	17	24	42	6	2
"putative_sRNA:m3959201_3959373"	41	32	40	68	118	110	98	66	42	151	100	64	8	34	45	17	17	15	70	149	28	22
"putative_sRNA:p3964744_3965125"	3	2	1	21	36	30	24	8	3	84	69	18	2	37	30	16	11	11	37	68	7	17
"putative_sRNA:p3968172_3968434"	370	271	348	544	684	501	1410	639	334	876	669	326	60	353	400	281	136	227	698	960	321	242
"putative_sRNA:p3968651_3968874"	133	97	138	385	501	368	639	372	208	472	255	156	34	294	210	316	187	185	191	355	129	120
"putative_sRNA:p3982619_3982919"	84	74	123	74	76	53	162	60	38	190	139	48	12	51	58	226	193	155	91	154	55	39
"putative_sRNA:m3986981_3987214"	115	65	124	381	572	353	519	263	141	559	428	94	54	351	220	219	133	135	408	520	77	92
"putative_sRNA:p3995631_3996010"	102	106	238	173	326	205	380	220	109	373	278	95	16	212	189	676	401	372	168	314	179	153
"putative_sRNA:m4040918_4040963"	161	38	95	435	458	384	659	364	156	1156	763	234	18	252	256	188	84	169	686	1089	65	64
"putative_sRNA:p4048580_4048924"	421	251	606	1987	1936	1267	2556	1284	766	2767	2021	647	295	1700	1179	1763	695	750	1588	2709	653	473
"putative_sRNA:m4099226_4099466"	2224	1278	3012	5293	6388	4715	10592	4314	2547	6317	4185	1528	732	5199	5669	2715	1395	1320	3530	5289	1306	1273
"putative_sRNA:m4100684_4100955"	1	5	0	9	7	14	25	14	3	29	23	2	3	21	10	29	13	8	12	21	20	38
"putative_sRNA:p4105655_4105982"	169	78	113	301	291	216	561	401	181	644	405	158	57	289	232	419	214	342	208	383	263	213
"putative_sRNA:m4116035_4116329"	30	9	31	114	134	110	227	93	39	223	136	55	21	201	148	274	121	155	105	176	81	60
"putative_sRNA:m4119697_4120166"	91	52	95	299	336	200	303	201	133	774	483	159	44	212	141	249	119	157	484	804	127	115
"putative_sRNA:m4121946_4122287"	21	5	47	107	74	92	124	85	40	180	109	33	18	141	67	142	46	78	117	186	57	44
"putative_sRNA:m4124907_4125786"	476	484	820	540	740	559	1031	581	276	774	588	248	123	781	863	1406	772	720	443	849	850	733
"putative_sRNA:m4130616_4130827"	204	63	163	509	505	437	908	348	222	658	504	151	83	318	416	282	130	166	338	638	117	87
"putative_sRNA:m4132386_4132790"	204	75	198	334	443	453	790	443	193	654	456	156	43	303	290	231	108	120	422	672	219	154
"putative_sRNA:p4136945_4137139"	16	28	43	80	76	72	125	71	52	164	134	27	6	70	33	75	28	28	60	163	46	49
"putative_sRNA:m4162585_4163007"	465	202	453	1013	1038	769	1291	757	440	1196	783	364	116	623	562	356	184	140	971	1693	552	442
"putative_sRNA:m4170796_4171316"	328	132	262	989	1097	706	1458	754	392	1782	1303	492	150	730	637	610	328	364	1229	1766	258	224
"putative_sRNA:m4173629_4174179"	639	280	511	1015	1136	794	1539	752	489	2207	1849	581	72	548	616	250	139	122	1980	3414	172	105
"putative_sRNA:m4177038_4177506"	91	32	110	285	250	227	375	197	106	419	299	114	37	339	329	459	176	169	278	515	71	68
"putative_sRNA:m4178956_4179821"	99	84	150	161	224	176	259	161	92	387	224	121	24	179	162	339	205	160	228	322	83	41
"putative_sRNA:m4187181_4187602"	211	104	186	448	523	337	635	357	223	644	406	203	80	571	397	475	227	267	473	810	128	115
"putative_sRNA:m4187765_4187942"	45	33	20	40	37	44	105	37	41	82	58	10	7	94	99	173	97	139	56	73	38	35
"putative_sRNA:p4189866_4190290"	260	171	236	620	870	584	966	514	329	1732	1218	445	87	622	738	715	311	360	1390	2236	245	223
"putative_sRNA:p4192070_4192106"	57	22	49	169	129	124	222	107	64	254	198	65	9	125	98	76	28	35	151	169	33	19
"putative_sRNA:p4192242_4192378"	53	25	47	131	112	90	233	107	69	175	121	74	22	112	118	62	37	30	123	224	28	31
"putative_sRNA:p4192795_4193159"	211	90	274	392	677	601	658	296	177	803	640	335	88	470	582	773	384	472	666	1101	164	114
"putative_sRNA:p4198574_4198858"	62	44	67	81	142	101	307	183	87	196	107	41	17	195	105	171	74	85	118	177	91	64
"putative_sRNA:m4225091_4225926"	283	128	210	453	716	563	949	494	309	784	567	237	141	767	799	1035	552	546	418	821	176	141
"putative_sRNA:m4227375_4227542"	11	12	17	54	52	48	74	38	14	132	99	23	3	68	26	49	37	39	51	129	15	11
"putative_sRNA:m4231851_4232070"	23	5	39	120	172	121	158	90	68	304	214	79	8	153	117	285	114	131	171	313	31	31
"putative_sRNA:m4246565_4246723"	70	40	71	439	381	196	446	229	119	1152	911	247	14	143	82	103	55	80	631	1217	21	63
"putative_sRNA:m4253828_4254235"	487	208	424	2121	2926	2054	3414	1528	767	2759	1903	840	196	1386	1776	1145	521	489	1681	2920	378	271
"putative_sRNA:p4272516_4272861"	216	73	182	780	743	523	1168	618	326	1269	797	360	55	443	281	423	178	204	709	1138	252	163
"putative_sRNA:m4273920_4274337"	883	229	426	1817	1889	1471	4365	2020	1318	3170	2213	1006	191	1043	1684	1477	676	964	1626	2634	318	224
"putative_sRNA:m4275906_4276084"	24	18	49	74	64	60	52	19	31	148	100	49	5	40	45	64	36	44	146	238	30	22
"putative_sRNA:m4277510_4277986"	212	170	203	337	422	330	536	334	187	471	315	159	29	290	420	414	169	166	236	414	177	136
"putative_sRNA:m4286785_4286912"	13	16	24	60	105	56	99	47	42	161	144	34	14	104	102	112	53	52	112	181	40	30
"putative_sRNA:p4291329_4291518"	65	20	46	149	144	78	176	123	69	196	123	56	30	183	178	408	198	252	199	319	78	49
"putative_sRNA:p4302041_4302295"	26	14	19	87	110	79	141	66	45	144	87	47	3	55	60	43	30	27	55	123	40	47
"putative_sRNA:m4305754_4306171"	2255	929	2746	18520	22038	13946	374	199	140	613	461	131	27	313	276	283	136	137	292	477	99	76
"putative_sRNA:p4317071_4317531"	811	505	542	1213	1247	858	2778	1492	862	2281	1370	585	14	162	344	213	96	174	1094	1927	788	636
"putative_sRNA:m4319602_4320444"	1201	510	1073	3455	4355	3092	5699	3304	1929	5670	4211	1584	267	1593	1402	731	314	377	3685	6454	727	572
"putative_sRNA:m4351209_4351449"	73	36	22	71	134	61	224	158	70	170	106	41	8	124	73	152	114	131	117	208	71	55
"putative_sRNA:m4354193_4354453"	171	78	129	360	351	214	1004	631	364	542	332	161	35	393	122	276	124	222	258	390	383	314
"putative_sRNA:m4354602_4355198"	122	85	97	344	333	220	453	240	168	588	458	114	46	354	348	335	177	236	339	492	183	161
"putative_sRNA:m4356127_4356344"	50	25	35	81	136	102	119	103	50	115	78	46	5	151	144	222	114	110	119	181	46	28
"putative_sRNA:p4362009_4362234"	72	37	63	107	115	76	105	82	36	113	59	16	13	181	74	315	153	192	84	143	70	72
"putative_sRNA:p4364645_4364861"	90	31	75	199	175	134	312	179	95	436	360	126	12	165	128	116	45	47	289	436	67	70
"putative_sRNA:p4365305_4365747"	64	51	130	303	268	178	395	224	122	1033	719	258	40	200	147	145	65	63	508	776	128	127
"putative_sRNA:p4372931_4373234"	196	97	183	684	789	573	861	486	220	1016	691	235	83	666	431	468	260	375	435	790	162	110
"putative_sRNA:p4387486_4388029"	18	4	6	27	40	29	27	29	17	58	43	10	6	90	90	129	48	65	34	46	32	29
"putative_sRNA:p4388194_4388747"	39	29	53	127	143	147	224	78	58	298	206	106	15	91	59	88	39	56	130	235	38	30
"putative_sRNA:p4393190_4393283"	132	77	174	561	551	469	654	281	195	1108	842	277	103	632	606	658	256	370	561	872	223	160
"putative_sRNA:m4400725_4400874"	117	26	69	159	187	124	286	141	111	269	184	46	33	138	188	170	74	103	111	246	52	54
"putative_sRNA:p4404581_4404933"	108	90	168	309	313	241	411	263	146	713	563	150	57	358	341	461	219	290	431	784	164	148
"putative_sRNA:p4409090_4409227"	0	0	0	1	0	0	3	2	0	5	3	0	0	3	2	0	2	7	1	6	0	0
"putative_sRNA:p4411177_4411532"	389	157	338	904	1168	813	1332	661	527	2187	1683	384	94	816	823	719	278	485	1711	2355	295	210
