"ERR2103718_sorted"	"ERR2103722_sorted"	"ERR2103723_sorted"
"putative_UTR:p1525_1622"	49	101	92
"putative_UTR:p4998_5239"	235	373	228
"putative_UTR:p7268_7301"	224	385	230
"putative_UTR:p9819_9913"	350	404	296
"putative_UTR:p10829_10886"	105	133	94
"putative_UTR:p10961_11111"	70	119	137
"putative_UTR:m12976_13132"	75	111	81
"putative_UTR:p13017_13727"	1338	1554	1349
"putative_UTR:m13559_13713"	283	367	287
"putative_UTR:p14878_14913"	62	78	71
"putative_UTR:m15117_15589"	261	276	209
"putative_UTR:p15613_16021"	336	371	385
"putative_UTR:m23182_23269"	109	162	108
"putative_UTR:m23738_23860"	362	539	481
"putative_UTR:m25445_25626"	108	211	185
"putative_UTR:p25727_26119"	104	154	123
"putative_UTR:p29608_29721"	109	106	76
"putative_UTR:p31115_31188"	40	42	40
"putative_UTR:p31820_32056"	41	50	36
"putative_UTR:m38866_39055"	62	110	67
"putative_UTR:m41630_42003"	32	61	64
"putative_UTR:p41913_42196"	37	33	32
"putative_UTR:m42352_42432"	17	37	30
"putative_UTR:m46099_46580"	137	242	269
"putative_UTR:p46472_46530"	38	57	38
"putative_UTR:m47208_47365"	83	179	133
"putative_UTR:m48101_48232"	99	98	66
"putative_UTR:m49940_50020"	332	249	190
"putative_UTR:m51125_51184"	195	191	132
"putative_UTR:m51728_51827"	235	239	194
"putative_UTR:p51996_52830"	131	164	133
"putative_UTR:p53245_53662"	185	223	177
"putative_UTR:p58054_58191"	186	265	174
"putative_UTR:p58483_58585"	222	328	222
"putative_UTR:p59081_59121"	123	207	135
"putative_UTR:p59377_59408"	217	281	165
"putative_UTR:p63021_63199"	108	231	107
"putative_UTR:m64382_65011"	300	315	212
"putative_UTR:p64968_65165"	130	199	132
"putative_UTR:m65351_65529"	335	401	305
"putative_UTR:p66695_66883"	27	64	44
"putative_UTR:p68433_68619"	217	194	164
"putative_UTR:p72223_72353"	10	30	18
"putative_UTR:p76213_76620"	8	15	7
"putative_UTR:m78897_79314"	409	455	436
"putative_UTR:p80253_80623"	100	179	95
"putative_UTR:p82669_82747"	104	143	102
"putative_UTR:p85169_85533"	283	338	305
"putative_UTR:m85573_85635"	5	6	3
"putative_UTR:m86634_87207"	69	95	57
"putative_UTR:p88167_88203"	257	199	320
"putative_UTR:p89481_89574"	72	128	160
"putative_UTR:p97602_97757"	249	265	254
"putative_UTR:p117540_117713"	20	138	24
"putative_UTR:p119700_120510"	194	250	195
"putative_UTR:m125543_125642"	110	90	78
"putative_UTR:m130542_130894"	5135	4058	3800
"putative_UTR:p136180_136288"	42	150	105
"putative_UTR:p137246_137318"	62	150	148
"putative_UTR:p137910_137940"	46	81	88
"putative_UTR:m139997_140266"	68	32	43
"putative_UTR:m145337_145626"	120	59	72
"putative_UTR:m147772_147907"	79	62	56
"putative_UTR:p149225_149411"	25	24	14
"putative_UTR:p151075_151147"	30	20	15
"putative_UTR:p152216_152323"	95	139	90
"putative_UTR:p154130_154231"	162	168	134
"putative_UTR:p155600_155666"	44	36	33
"putative_UTR:m156251_156577"	51	124	92
"putative_UTR:m157601_157653"	68	181	114
"putative_UTR:p161475_161630"	55	77	57
"putative_UTR:m162347_162643"	50	56	50
"putative_UTR:p162674_162909"	71	125	88
"putative_UTR:m163250_163311"	47	100	60
"putative_UTR:p163308_163365"	22	34	19
"putative_UTR:m164535_164711"	62	32	23
"putative_UTR:p164692_165322"	101	112	73
"putative_UTR:p166850_166909"	67	106	75
"putative_UTR:m167094_167270"	227	223	167
"putative_UTR:p167291_167710"	276	306	295
"putative_UTR:m168593_168703"	57	69	48
"putative_UTR:p171127_171214"	1182	1001	873
"putative_UTR:p172169_172210"	206	224	194
"putative_UTR:p173144_173237"	118	96	110
"putative_UTR:p174759_174832"	197	180	142
"putative_UTR:p176669_177008"	105	85	62
"putative_UTR:m181037_181154"	54	60	59
"putative_UTR:m186251_186494"	517	313	394
"putative_UTR:p186480_186703"	52	103	72
"putative_UTR:p186735_186784"	10	49	35
"putative_UTR:p187430_187680"	60	232	169
"putative_UTR:m188840_188930"	28	25	16
"putative_UTR:m190440_190492"	16	11	4
"putative_UTR:m193970_194143"	66	124	93
"putative_UTR:p194112_194787"	344	518	377
"putative_UTR:m194816_194931"	153	142	150
"putative_UTR:p194917_194992"	1067	804	847
"putative_UTR:p196658_196860"	3889	2422	2510
"putative_UTR:p206779_206813"	2242	1705	1449
"putative_UTR:m209531_209702"	39	106	77
"putative_UTR:p209673_209948"	179	296	218
"putative_UTR:m210813_210891"	24	36	27
"putative_UTR:p214928_214968"	40	75	48
"putative_UTR:p216225_216268"	58	55	38
"putative_UTR:m218256_218389"	200	114	298
"putative_UTR:p218345_218704"	46	61	48
"putative_UTR:m218552_218614"	193	97	267
"putative_UTR:p219368_219485"	95	133	104
"putative_UTR:m219721_219995"	53	73	71
"putative_UTR:p221818_221870"	184	168	190
"putative_UTR:p222162_222288"	181	175	240
"putative_UTR:p223531_223563"	20	31	20
"putative_UTR:p224665_225063"	108	159	112
"putative_UTR:p230625_230898"	1	3	1
"putative_UTR:m236508_236778"	91	82	81
"putative_UTR:m237595_237891"	85	121	72
"putative_UTR:p237896_238105"	23	43	30
"putative_UTR:p241447_241513"	20	33	13
"putative_UTR:p241925_242413"	45	112	72
"putative_UTR:m244125_244483"	70	152	88
"putative_UTR:m247319_247383"	360	478	386
"putative_UTR:p251674_251781"	156	176	119
"putative_UTR:p253603_254162"	93	136	111
"putative_UTR:p264024_264066"	331	317	248
"putative_UTR:p265477_265506"	112	147	104
"putative_UTR:m266156_266300"	69	38	31
"putative_UTR:p266296_266409"	97	107	100
"putative_UTR:p267804_268662"	28	47	49
"putative_UTR:m273961_274305"	92	148	110
"putative_UTR:p279530_279586"	66	99	118
"putative_UTR:p288353_288427"	44	84	60
"putative_UTR:p289043_289103"	246	287	262
"putative_UTR:m289466_289811"	139	132	113
"putative_UTR:p289783_290125"	21	40	31
"putative_UTR:m292030_292097"	144	140	136
"putative_UTR:p292065_292170"	163	286	222
"putative_UTR:m293125_293797"	35	58	46
"putative_UTR:p293494_294037"	346	301	305
"putative_UTR:m295634_295713"	49	98	59
"putative_UTR:p295802_296004"	134	233	151
"putative_UTR:p296494_296647"	27	17	13
"putative_UTR:m297429_298115"	219	451	347
"putative_UTR:m301656_301734"	266	441	423
"putative_UTR:m302029_302172"	334	518	401
"putative_UTR:m302653_302710"	39	46	41
"putative_UTR:p305810_306104"	12	39	209
"putative_UTR:p308900_309698"	230	260	202
"putative_UTR:m309548_310293"	441	417	460
"putative_UTR:p310074_310628"	39	49	37
"putative_UTR:m314169_314308"	32	36	46
"putative_UTR:m316416_316510"	34	52	40
"putative_UTR:m322515_322763"	472	481	476
"putative_UTR:m323274_323337"	16	19	11
"putative_UTR:p326250_326909"	964	712	614
"putative_UTR:m328462_328574"	44	89	63
"putative_UTR:m330326_330932"	114	163	92
"putative_UTR:p330391_330421"	57	114	75
"putative_UTR:p331004_331471"	18	27	26
"putative_UTR:p331682_331747"	529	577	563
"putative_UTR:m332351_332707"	16	39	25
"putative_UTR:p332669_332962"	275	230	178
"putative_UTR:p339322_339363"	0	0	0
"putative_UTR:p341907_342129"	434	606	611
"putative_UTR:p351477_351524"	1052	647	611
"putative_UTR:p353037_353082"	457	373	341
"putative_UTR:m356241_356861"	190	239	194
"putative_UTR:p356876_357298"	113	131	106
"putative_UTR:m358065_358266"	35	19	33
"putative_UTR:m358877_358944"	33	44	38
"putative_UTR:p361263_361333"	274	205	201
"putative_UTR:p363110_363251"	54	19	23
"putative_UTR:p363779_363825"	149	279	198
"putative_UTR:p364470_364604"	129	274	176
"putative_UTR:p366143_366458"	40	68	60
"putative_UTR:m376172_376572"	50	57	42
"putative_UTR:p377830_377930"	247	285	246
"putative_UTR:p378588_378816"	193	340	288
"putative_UTR:p380402_380499"	40	43	29
"putative_UTR:p382419_382489"	102	189	141
"putative_UTR:m382452_382878"	354	273	271
"putative_UTR:p382877_383601"	228	331	243
"putative_UTR:p384487_384534"	115	175	131
"putative_UTR:m384964_385172"	154	115	95
"putative_UTR:p385150_385251"	55	74	53
"putative_UTR:m385944_386192"	88	122	122
"putative_UTR:p387817_387887"	4	6	10
"putative_UTR:p388551_388581"	7	27	20
"putative_UTR:p389155_389259"	18	17	15
"putative_UTR:p390592_391351"	14	27	20
"putative_UTR:m392076_392695"	1	14	1
"putative_UTR:p394714_395317"	19	37	32
"putative_UTR:p397368_397441"	20	34	12
"putative_UTR:m401717_401872"	51	75	77
"putative_UTR:p408575_408633"	38	37	18
"putative_UTR:p409174_409290"	20	21	20
"putative_UTR:p409311_409361"	89	44	25
"putative_UTR:p410802_410837"	34	10	12
"putative_UTR:m415111_415501"	160	216	236
"putative_UTR:m416966_417027"	146	219	228
"putative_UTR:p419609_419708"	20	29	22
"putative_UTR:p419713_419834"	233	310	227
"putative_UTR:p422417_422451"	186	310	213
"putative_UTR:p424020_424968"	443	668	499
"putative_UTR:m434680_434740"	42	53	56
"putative_UTR:m438179_438301"	39	26	23
"putative_UTR:p438790_438821"	79	107	97
"putative_UTR:p439650_439870"	110	140	123
"putative_UTR:m440655_441264"	152	174	143
"putative_UTR:p443079_443285"	100	155	92
"putative_UTR:p456193_456386"	266	369	273
"putative_UTR:m458381_458460"	31	42	30
"putative_UTR:m459316_459455"	21	42	18
"putative_UTR:m468002_468234"	50	58	75
"putative_UTR:p471231_471276"	15	23	14
"putative_UTR:m473944_474121"	50	47	46
"putative_UTR:p476358_476393"	87	84	56
"putative_UTR:p476643_477131"	126	101	83
"putative_UTR:m494905_495061"	47	55	44
"putative_UTR:p495009_495427"	170	223	117
"putative_UTR:p500367_500497"	8	16	8
"putative_UTR:p501049_501147"	45	44	49
"putative_UTR:p503125_503294"	6	11	5
"putative_UTR:p504999_505085"	120	163	126
"putative_UTR:m506216_506560"	31	66	38
"putative_UTR:p506583_506786"	178	194	172
"putative_UTR:m506972_507131"	44	70	45
"putative_UTR:m510226_510376"	169	193	139
"putative_UTR:m515322_515372"	145	112	100
"putative_UTR:m515817_515917"	125	106	84
"putative_UTR:p518659_518732"	150	300	214
"putative_UTR:p519042_519072"	90	223	112
"putative_UTR:p519568_519599"	63	93	53
"putative_UTR:p521455_521513"	105	164	128
"putative_UTR:p522168_522619"	96	178	129
"putative_UTR:p528425_528607"	718	942	581
"putative_UTR:m530052_530295"	21	16	31
"putative_UTR:p530231_531138"	296	457	358
"putative_UTR:m532215_532293"	24	30	36
"putative_UTR:m532885_533090"	72	115	92
"putative_UTR:p532912_533327"	153	181	142
"putative_UTR:m541911_542054"	46	60	55
"putative_UTR:p542853_543149"	10	15	9
"putative_UTR:m544772_545374"	561	627	501
"putative_UTR:p551690_551748"	87	99	49
"putative_UTR:p551989_552025"	83	127	91
"putative_UTR:p552551_552613"	55	90	63
"putative_UTR:m553391_554312"	260	360	310
"putative_UTR:p554310_554527"	49	87	70
"putative_UTR:p556422_556457"	108	166	123
"putative_UTR:p557253_557311"	26	35	19
"putative_UTR:p557364_557526"	45	142	74
"putative_UTR:p558814_558894"	32	100	77
"putative_UTR:p559756_559887"	142	408	299
"putative_UTR:m560530_560847"	213	270	192
"putative_UTR:p560749_561140"	229	391	288
"putative_UTR:m561712_561853"	260	366	301
"putative_UTR:p564935_565020"	103	125	113
"putative_UTR:p565444_565796"	897	510	577
"putative_UTR:p566397_566507"	327	257	206
"putative_UTR:m567586_567920"	270	206	192
"putative_UTR:p567897_568769"	75	117	126
"putative_UTR:m570513_570798"	94	110	77
"putative_UTR:p573066_573709"	61	136	91
"putative_UTR:p573836_573983"	202	319	245
"putative_UTR:p575301_575347"	43	72	65
"putative_UTR:p577339_577375"	64	98	63
"putative_UTR:p579180_579348"	61	66	43
"putative_UTR:p580582_580808"	162	288	207
"putative_UTR:p581493_582023"	48	69	63
"putative_UTR:m584933_585423"	25	40	25
"putative_UTR:p590971_591110"	191	289	229
"putative_UTR:p591348_591474"	301	481	367
"putative_UTR:p591577_591653"	512	491	411
"putative_UTR:m593561_593870"	289	373	273
"putative_UTR:p593868_594258"	363	266	325
"putative_UTR:m595303_595463"	51	79	77
"putative_UTR:p596662_596758"	337	391	360
"putative_UTR:p600392_600440"	68	98	93
"putative_UTR:p602787_602818"	114	158	109
"putative_UTR:p604517_604601"	47	60	49
"putative_UTR:p606449_606550"	48	134	81
"putative_UTR:m607320_608058"	459	377	349
"putative_UTR:p608063_608175"	13	23	16
"putative_UTR:m608536_608588"	194	256	167
"putative_UTR:p608716_608745"	68	73	85
"putative_UTR:p610118_610187"	52	62	68
"putative_UTR:m610645_611171"	391	326	362
"putative_UTR:p612220_612254"	102	84	106
"putative_UTR:p612923_613037"	136	98	94
"putative_UTR:m614722_614818"	10	10	14
"putative_UTR:p618273_618304"	24	39	32
"putative_UTR:p620866_620906"	82	98	66
"putative_UTR:m621242_622120"	137	163	115
"putative_UTR:p622125_622328"	225	236	263
"putative_UTR:m622283_622760"	31	37	34
"putative_UTR:p622647_622676"	19	25	20
"putative_UTR:m624291_624472"	19	16	27
"putative_UTR:m625481_625561"	37	34	27
"putative_UTR:m628046_628297"	22	47	36
"putative_UTR:m629732_629962"	147	177	139
"putative_UTR:p629970_630039"	32	40	21
"putative_UTR:m635505_635572"	269	212	176
"putative_UTR:m635876_635934"	221	239	206
"putative_UTR:m637464_637582"	456	565	439
"putative_UTR:m637970_638031"	13	27	19
"putative_UTR:m638921_639011"	52	61	45
"putative_UTR:m639957_640227"	128	192	161
"putative_UTR:p646256_646297"	36	57	57
"putative_UTR:p648475_648535"	92	122	89
"putative_UTR:m650122_650406"	225	258	174
"putative_UTR:p650394_650900"	119	147	114
"putative_UTR:p653779_653878"	43	94	79
"putative_UTR:p658199_658320"	36	40	14
"putative_UTR:p659341_659449"	130	220	160
"putative_UTR:p660869_661002"	910	402	967
"putative_UTR:p663374_663411"	5	26	43
"putative_UTR:m664819_665041"	128	311	472
"putative_UTR:m665384_665850"	220	408	626
"putative_UTR:m668395_668578"	59	158	330
"putative_UTR:m671249_671995"	40	34	27
"putative_UTR:p671952_672492"	16	18	15
"putative_UTR:m675917_676032"	845	574	715
"putative_UTR:p676068_676237"	83	69	76
"putative_UTR:m676318_677124"	267	196	201
"putative_UTR:p676997_677709"	26	25	32
"putative_UTR:p678330_679228"	480	510	488
"putative_UTR:m696904_697153"	186	445	307
"putative_UTR:p702760_702812"	13	25	21
"putative_UTR:p704058_704087"	18	29	28
"putative_UTR:m705910_705960"	68	91	87
"putative_UTR:p706089_706323"	111	110	119
"putative_UTR:m706696_706947"	9	18	13
"putative_UTR:p710588_710781"	115	87	82
"putative_UTR:p711408_711535"	32	39	46
"putative_UTR:p713808_714201"	22	22	13
"putative_UTR:p715267_715369"	27	4	5
"putative_UTR:p716318_716409"	15	11	7
"putative_UTR:p717060_718024"	20	30	31
"putative_UTR:m718224_718760"	31	20	31
"putative_UTR:m719913_720004"	66	63	56
"putative_UTR:m728391_728582"	131	144	100
"putative_UTR:m730167_730319"	63	89	80
"putative_UTR:m731034_731145"	87	113	87
"putative_UTR:p731365_731493"	414	492	396
"putative_UTR:p731567_731602"	39	62	57
"putative_UTR:p731677_731711"	101	185	155
"putative_UTR:p731880_731929"	230	361	211
"putative_UTR:p733326_733523"	622	995	873
"putative_UTR:p733597_733736"	217	327	246
"putative_UTR:p734223_734253"	545	751	607
"putative_UTR:p734971_735021"	647	884	689
"putative_UTR:p735451_735516"	466	759	535
"putative_UTR:p736225_736301"	120	161	113
"putative_UTR:m736242_736297"	172	183	174
"putative_UTR:m737204_737267"	345	547	416
"putative_UTR:m738150_738296"	214	267	213
"putative_UTR:m739161_739326"	144	173	168
"putative_UTR:p742620_742718"	28	18	11
"putative_UTR:p748059_748275"	216	187	119
"putative_UTR:p748813_748848"	77	80	31
"putative_UTR:m749154_749233"	6	3	10
"putative_UTR:p749242_749999"	238	386	198
"putative_UTR:p752597_753011"	545	574	456
"putative_UTR:m753368_753461"	52	58	41
"putative_UTR:m753618_753669"	19	41	31
"putative_UTR:m754410_754684"	223	541	367
"putative_UTR:p759489_759806"	598	944	714
"putative_UTR:p763326_763369"	659	873	642
"putative_UTR:p770551_770581"	75	114	85
"putative_UTR:p771425_771483"	46	59	55
"putative_UTR:m775143_775585"	16	105	65
"putative_UTR:p775575_775682"	17	15	15
"putative_UTR:m778906_778967"	30	173	100
"putative_UTR:m779295_779542"	335	378	325
"putative_UTR:p779488_780422"	57	274	167
"putative_UTR:p780426_780720"	81	115	81
"putative_UTR:p781312_781343"	13	24	21
"putative_UTR:p781385_781559"	684	966	733
"putative_UTR:p782405_782484"	495	802	673
"putative_UTR:p784591_784820"	3240	3432	2586
"putative_UTR:p786012_786148"	1005	1137	865
"putative_UTR:p786947_787002"	26	34	42
"putative_UTR:p789161_789242"	29	23	24
"putative_UTR:m789865_790023"	72	95	87
"putative_UTR:p794526_794714"	416	547	430
"putative_UTR:p795471_795518"	119	91	95
"putative_UTR:p800202_800486"	2252	2227	1664
"putative_UTR:p802436_802527"	659	946	729
"putative_UTR:p803371_803410"	978	1168	814
"putative_UTR:p806167_806245"	132	115	73
"putative_UTR:p806273_806334"	48	69	58
"putative_UTR:p808699_808745"	45	40	33
"putative_UTR:p809646_809840"	39	33	19
"putative_UTR:p809895_809945"	125	92	80
"putative_UTR:p811228_811372"	222	401	349
"putative_UTR:p812813_812975"	868	1336	938
"putative_UTR:p815631_815662"	313	347	231
"putative_UTR:p817535_818245"	148	268	197
"putative_UTR:m818445_818536"	47	60	70
"putative_UTR:p823595_823937"	50	57	50
"putative_UTR:p824715_824799"	42	57	52
"putative_UTR:p827471_827542"	71	115	88
"putative_UTR:p830024_830061"	61	46	40
"putative_UTR:p830611_830758"	23	24	18
"putative_UTR:p831662_831775"	316	224	204
"putative_UTR:p832304_832533"	408	450	342
"putative_UTR:p832849_832980"	98	143	97
"putative_UTR:p840857_840946"	3	2	4
"putative_UTR:m841086_841736"	79	77	51
"putative_UTR:m841875_842277"	38	50	56
"putative_UTR:p842279_842362"	25	35	25
"putative_UTR:m842289_842346"	3	3	0
"putative_UTR:p846023_846158"	11	17	9
"putative_UTR:m847705_848102"	184	131	123
"putative_UTR:p847914_848262"	23	25	15
"putative_UTR:m850041_850341"	442	271	306
"putative_UTR:m850528_850641"	50	44	52
"putative_UTR:m851467_851720"	39	34	37
"putative_UTR:p851561_851607"	58	86	76
"putative_UTR:p852352_852395"	201	237	192
"putative_UTR:m853606_853824"	383	308	257
"putative_UTR:p853854_854100"	73	57	68
"putative_UTR:m854158_854266"	851	502	481
"putative_UTR:m855827_855924"	234	211	175
"putative_UTR:p860815_860911"	10	23	27
"putative_UTR:p862382_862411"	17	16	20
"putative_UTR:p863159_863255"	21	42	30
"putative_UTR:m867390_867439"	23	32	30
"putative_UTR:p868293_868406"	40	41	40
"putative_UTR:p869031_869142"	26	35	25
"putative_UTR:m883065_883450"	39	51	26
"putative_UTR:p883435_883735"	95	150	92
"putative_UTR:p886682_886718"	1	1	1
"putative_UTR:p887025_887500"	4	6	6
"putative_UTR:m891388_891471"	75	86	74
"putative_UTR:p898790_898830"	163	166	160
"putative_UTR:p899788_900641"	396	689	529
"putative_UTR:p903695_903724"	134	97	88
"putative_UTR:m904337_904904"	471	493	374
"putative_UTR:p904820_904923"	120	149	102
"putative_UTR:m905088_905233"	600	608	606
"putative_UTR:m906627_907337"	96	111	89
"putative_UTR:m908019_908180"	93	151	144
"putative_UTR:m909319_909581"	145	308	238
"putative_UTR:p910906_910971"	111	170	193
"putative_UTR:p912684_912725"	70	134	86
"putative_UTR:m912991_913557"	208	401	341
"putative_UTR:p913503_913532"	51	58	52
"putative_UTR:m914200_914256"	74	70	64
"putative_UTR:m916312_916476"	425	392	383
"putative_UTR:m917647_917733"	1314	1177	926
"putative_UTR:m918751_918809"	1052	1290	1057
"putative_UTR:p919588_919633"	9	19	12
"putative_UTR:m920487_920740"	288	40	76
"putative_UTR:p920690_920900"	3	10	6
"putative_UTR:m922398_922893"	124	315	199
"putative_UTR:m923710_923802"	8	26	13
"putative_UTR:m923876_923999"	0	0	0
"putative_UTR:p923935_923998"	5	10	9
"putative_UTR:p924073_924109"	7	19	9
"putative_UTR:p924287_924543"	128	149	139
"putative_UTR:p924698_924950"	68	113	72
"putative_UTR:m927029_927836"	174	190	170
"putative_UTR:m932933_933002"	2	3	4
"putative_UTR:p935491_935576"	50	81	77
"putative_UTR:p936390_936884"	100	154	119
"putative_UTR:m937318_938227"	493	757	608
"putative_UTR:m940335_940455"	23	23	28
"putative_UTR:m942315_942679"	35	28	39
"putative_UTR:m944195_944289"	16	10	16
"putative_UTR:p944736_944937"	134	26	76
"putative_UTR:p947645_948558"	47	38	70
"putative_UTR:p952712_952824"	213	285	247
"putative_UTR:p953731_953862"	76	108	107
"putative_UTR:p955011_955076"	216	275	249
"putative_UTR:p958456_958531"	51	72	47
"putative_UTR:m960152_960311"	58	104	54
"putative_UTR:m963959_964311"	30	138	78
"putative_UTR:p964295_964407"	36	28	16
"putative_UTR:m965536_965982"	499	967	874
"putative_UTR:p967751_967897"	82	119	97
"putative_UTR:m967972_968423"	190	73	94
"putative_UTR:p968306_968693"	139	122	105
"putative_UTR:p970472_970504"	50	77	58
"putative_UTR:m972225_972545"	14	13	15
"putative_UTR:p972458_972989"	129	143	95
"putative_UTR:m973707_973805"	17	30	15
"putative_UTR:p976864_977201"	246	273	205
"putative_UTR:m978229_978480"	168	192	155
"putative_UTR:m980240_980505"	45	96	60
"putative_UTR:m981268_981423"	82	152	99
"putative_UTR:p982723_982761"	241	200	168
"putative_UTR:p985531_985851"	28	14	13
"putative_UTR:p987074_987232"	63	104	88
"putative_UTR:m988664_988739"	39	47	35
"putative_UTR:m989862_989947"	63	86	57
"putative_UTR:p995341_995470"	53	70	59
"putative_UTR:p999423_999471"	257	338	278
"putative_UTR:p1000768_1000847"	172	166	158
"putative_UTR:m1002705_1002819"	10	10	8
"putative_UTR:m1004442_1004500"	9	7	5
"putative_UTR:p1010063_1010135"	24	45	24
"putative_UTR:p1014125_1014249"	27	55	40
"putative_UTR:p1014641_1014680"	329	301	273
"putative_UTR:p1015301_1015397"	162	111	99
"putative_UTR:m1025270_1025320"	88	96	64
"putative_UTR:m1025394_1025496"	201	379	344
"putative_UTR:m1029134_1029512"	17	31	24
"putative_UTR:p1029338_1030261"	537	401	375
"putative_UTR:m1032636_1032709"	98	132	99
"putative_UTR:m1033787_1033838"	39	40	39
"putative_UTR:m1037043_1037919"	529	922	663
"putative_UTR:m1041049_1041165"	170	150	98
"putative_UTR:p1043240_1043298"	254	346	222
"putative_UTR:m1045126_1045198"	143	154	157
"putative_UTR:p1045223_1045554"	69	150	106
"putative_UTR:p1050347_1050588"	80	90	100
"putative_UTR:m1050542_1050592"	186	132	143
"putative_UTR:m1051460_1051543"	474	295	341
"putative_UTR:m1052318_1052597"	1628	866	882
"putative_UTR:m1054933_1055023"	11	10	9
"putative_UTR:m1057531_1057645"	169	200	161
"putative_UTR:m1057964_1058077"	342	377	299
"putative_UTR:m1060545_1060655"	56	94	87
"putative_UTR:m1061655_1061729"	133	322	286
"putative_UTR:p1061895_1061963"	133	187	129
"putative_UTR:p1064052_1064104"	12	31	25
"putative_UTR:m1064963_1065474"	10	8	13
"putative_UTR:p1065075_1065126"	100	173	123
"putative_UTR:p1066039_1066077"	134	194	146
"putative_UTR:p1067446_1067560"	14	37	14
"putative_UTR:p1069777_1069882"	73	65	61
"putative_UTR:p1073929_1074073"	41	67	51
"putative_UTR:p1074422_1074668"	85	133	114
"putative_UTR:m1076679_1076777"	25	29	41
"putative_UTR:p1078335_1078390"	132	58	132
"putative_UTR:p1078688_1078742"	125	81	88
"putative_UTR:p1081685_1082429"	23	28	35
"putative_UTR:p1094380_1094885"	33	69	59
"putative_UTR:p1095060_1095688"	230	352	286
"putative_UTR:p1096726_1096821"	4	1	5
"putative_UTR:p1099023_1099065"	117	183	126
"putative_UTR:p1101006_1101802"	279	447	360
"putative_UTR:m1107383_1107442"	6	12	9
"putative_UTR:m1108100_1108171"	127	121	124
"putative_UTR:p1110193_1110268"	208	264	187
"putative_UTR:p1111550_1111611"	65	64	35
"putative_UTR:p1112224_1112383"	123	259	155
"putative_UTR:p1113461_1113510"	24	41	35
"putative_UTR:p1113584_1114292"	344	600	382
"putative_UTR:p1118394_1118636"	25	36	28
"putative_UTR:p1119612_1120021"	13	17	10
"putative_UTR:m1120838_1120888"	24	32	17
"putative_UTR:p1120880_1121168"	12	16	9
"putative_UTR:p1123590_1123713"	311	473	349
"putative_UTR:m1123599_1124274"	85	80	60
"putative_UTR:p1125418_1125819"	67	79	91
"putative_UTR:p1127908_1128090"	109	177	168
"putative_UTR:p1130106_1130190"	74	84	61
"putative_UTR:p1131483_1131624"	169	237	158
"putative_UTR:p1133260_1133338"	45	78	55
"putative_UTR:m1134569_1134784"	175	275	208
"putative_UTR:m1136482_1136572"	128	181	166
"putative_UTR:p1138257_1138314"	82	87	79
"putative_UTR:p1138909_1138966"	74	67	52
"putative_UTR:p1144499_1144563"	42	76	59
"putative_UTR:p1156423_1156507"	18	18	17
"putative_UTR:m1165500_1165670"	227	179	163
"putative_UTR:m1166807_1166895"	33	95	47
"putative_UTR:m1168069_1168703"	96	330	218
"putative_UTR:m1169229_1169416"	208	259	298
"putative_UTR:m1170051_1171037"	390	722	924
"putative_UTR:p1175675_1175722"	26	55	48
"putative_UTR:p1176113_1176927"	744	796	627
"putative_UTR:p1177470_1177627"	82	107	101
"putative_UTR:p1179225_1179395"	7	27	12
"putative_UTR:p1180578_1180683"	31	39	24
"putative_UTR:p1183466_1183507"	69	122	81
"putative_UTR:p1183982_1184014"	22	35	25
"putative_UTR:m1185357_1185740"	18	26	17
"putative_UTR:m1186824_1186903"	10	9	9
"putative_UTR:p1187350_1187434"	147	190	161
"putative_UTR:p1188394_1188653"	11	12	12
"putative_UTR:p1196175_1196278"	1624	1902	1505
"putative_UTR:p1197116_1197230"	1698	1519	1274
"putative_UTR:m1197821_1198155"	183	314	224
"putative_UTR:p1198083_1198798"	33	43	43
"putative_UTR:m1199374_1199425"	139	172	152
"putative_UTR:p1200547_1200766"	98	196	141
"putative_UTR:p1201661_1201716"	7	9	11
"putative_UTR:p1203112_1203312"	204	233	186
"putative_UTR:p1204036_1204066"	812	821	647
"putative_UTR:m1204525_1205303"	142	365	263
"putative_UTR:p1205234_1205315"	153	97	95
"putative_UTR:m1205799_1205971"	441	874	534
"putative_UTR:p1206489_1206519"	49	37	53
"putative_UTR:p1209658_1210490"	7	15	19
"putative_UTR:p1210532_1210594"	0	0	3
"putative_UTR:p1211384_1211559"	49	55	59
"putative_UTR:p1213864_1213941"	3	6	2
"putative_UTR:p1220538_1220573"	43	94	66
"putative_UTR:p1221855_1221958"	24	40	34
"putative_UTR:p1222787_1222996"	601	790	560
"putative_UTR:p1224299_1224384"	106	161	151
"putative_UTR:m1225153_1225262"	111	144	110
"putative_UTR:p1225261_1225525"	84	106	100
"putative_UTR:m1229270_1229390"	47	62	46
"putative_UTR:p1229385_1229479"	40	52	46
"putative_UTR:m1230549_1230659"	256	487	410
"putative_UTR:m1236810_1237208"	78	157	126
"putative_UTR:p1237193_1237397"	51	56	52
"putative_UTR:p1241583_1241632"	32	39	33
"putative_UTR:p1241957_1242331"	128	226	163
"putative_UTR:p1246152_1246335"	44	53	51
"putative_UTR:m1252973_1253073"	3	70	29
"putative_UTR:m1258245_1259066"	662	692	442
"putative_UTR:p1259056_1259167"	3	15	9
"putative_UTR:m1261347_1261712"	2173	2205	1568
"putative_UTR:m1264129_1264304"	74	53	59
"putative_UTR:p1267276_1267346"	107	106	64
"putative_UTR:m1268075_1268202"	23	34	25
"putative_UTR:p1268196_1268476"	76	77	51
"putative_UTR:m1269010_1269151"	34	64	49
"putative_UTR:m1276066_1276299"	105	132	101
"putative_UTR:p1280021_1280344"	54	95	82
"putative_UTR:p1281873_1282025"	183	137	126
"putative_UTR:p1282030_1282305"	249	282	222
"putative_UTR:p1282894_1283634"	425	558	396
"putative_UTR:m1282981_1283055"	52	109	74
"putative_UTR:m1285567_1286283"	338	315	242
"putative_UTR:p1287123_1287327"	322	315	475
"putative_UTR:p1291027_1291064"	362	257	403
"putative_UTR:p1292742_1292797"	207	169	212
"putative_UTR:m1297937_1298086"	28	41	31
"putative_UTR:m1298693_1298763"	131	116	102
"putative_UTR:m1300125_1300219"	85	94	101
"putative_UTR:p1300162_1300303"	90	92	68
"putative_UTR:m1301166_1301754"	146	200	179
"putative_UTR:p1301216_1301306"	668	419	550
"putative_UTR:p1301748_1301884"	74	89	73
"putative_UTR:m1302682_1302892"	430	351	309
"putative_UTR:p1302855_1302930"	197	246	209
"putative_UTR:m1304918_1305668"	526	780	732
"putative_UTR:p1305502_1305656"	29	30	35
"putative_UTR:m1306002_1306201"	878	958	759
"putative_UTR:p1308908_1309004"	424	437	396
"putative_UTR:p1309332_1309363"	437	446	338
"putative_UTR:p1310453_1311015"	183	347	246
"putative_UTR:p1313617_1313724"	803	508	528
"putative_UTR:p1315192_1315233"	469	229	255
"putative_UTR:p1319983_1320034"	1015	597	655
"putative_UTR:p1321454_1321519"	1038	503	571
"putative_UTR:m1323859_1324531"	317	574	457
"putative_UTR:p1324529_1324902"	397	239	263
"putative_UTR:m1325612_1325775"	603	645	455
"putative_UTR:p1332011_1332091"	10	14	9
"putative_UTR:p1335755_1335793"	103	138	112
"putative_UTR:m1336952_1337247"	65	83	97
"putative_UTR:m1338514_1338938"	60	132	89
"putative_UTR:p1338734_1339002"	301	983	1188
"putative_UTR:p1339303_1339348"	432	1521	1744
"putative_UTR:p1340525_1340658"	1088	3021	4418
"putative_UTR:p1340956_1341005"	1462	2402	3278
"putative_UTR:p1341291_1341819"	1230	2510	3055
"putative_UTR:p1342595_1342941"	340	548	543
"putative_UTR:m1342606_1342898"	119	142	122
"putative_UTR:m1343988_1344215"	144	201	116
"putative_UTR:p1344220_1344432"	27	39	31
"putative_UTR:p1345192_1345259"	0	1	0
"putative_UTR:m1348625_1348713"	62	67	76
"putative_UTR:p1349283_1349331"	340	198	189
"putative_UTR:p1351126_1351190"	295	180	185
"putative_UTR:p1353119_1353156"	61	59	56
"putative_UTR:p1354137_1354242"	633	747	653
"putative_UTR:p1354471_1355312"	771	865	667
"putative_UTR:m1363447_1363502"	7	21	7
"putative_UTR:p1364356_1364412"	13	23	14
"putative_UTR:p1365187_1365343"	192	327	262
"putative_UTR:p1365809_1365874"	157	192	189
"putative_UTR:p1367859_1368468"	183	321	268
"putative_UTR:m1370826_1371776"	593	645	546
"putative_UTR:m1374198_1374321"	414	499	466
"putative_UTR:m1376169_1376229"	105	207	150
"putative_UTR:p1376904_1376975"	45	86	61
"putative_UTR:m1381803_1381941"	35	19	15
"putative_UTR:p1383182_1383212"	34	68	46
"putative_UTR:p1384203_1384277"	86	132	100
"putative_UTR:p1384967_1385018"	14	36	33
"putative_UTR:p1386810_1386856"	46	56	51
"putative_UTR:m1388629_1388684"	51	88	78
"putative_UTR:m1389245_1389356"	195	171	149
"putative_UTR:m1393053_1393193"	136	133	131
"putative_UTR:m1399905_1400381"	327	269	157
"putative_UTR:m1401978_1402777"	79	175	110
"putative_UTR:m1404604_1404716"	24	54	27
"putative_UTR:m1409306_1409483"	105	93	84
"putative_UTR:p1413088_1413174"	9	16	10
"putative_UTR:p1413230_1413259"	13	35	27
"putative_UTR:p1413941_1414723"	141	186	154
"putative_UTR:m1418409_1418578"	76	93	70
"putative_UTR:p1423916_1424196"	148	182	127
"putative_UTR:p1425294_1425851"	95	132	108
"putative_UTR:p1437262_1437323"	392	185	206
"putative_UTR:p1437816_1437908"	236	90	120
"putative_UTR:p1440752_1440804"	59	72	65
"putative_UTR:p1441291_1441347"	17	21	29
"putative_UTR:p1442719_1442766"	19	22	12
"putative_UTR:p1443400_1443513"	22	55	36
"putative_UTR:p1451780_1451996"	85	150	105
"putative_UTR:p1452948_1453203"	659	1235	1024
"putative_UTR:p1455013_1455162"	1734	2373	1569
"putative_UTR:p1455406_1455494"	728	918	737
"putative_UTR:p1458212_1458294"	77	98	69
"putative_UTR:p1459510_1459765"	300	327	281
"putative_UTR:p1460997_1461044"	749	905	714
"putative_UTR:p1461291_1461320"	713	716	598
"putative_UTR:p1463184_1463227"	519	654	486
"putative_UTR:p1465802_1465840"	396	582	396
"putative_UTR:p1468132_1468821"	518	579	475
"putative_UTR:p1471578_1471845"	2205	1287	1422
"putative_UTR:p1473383_1473657"	2188	1725	1372
"putative_UTR:p1476796_1476898"	8883	9111	7165
"putative_UTR:p1484239_1484278"	67	80	68
"putative_UTR:m1484487_1485312"	634	886	744
"putative_UTR:p1485279_1485600"	62	85	70
"putative_UTR:p1485656_1485861"	285	329	294
"putative_UTR:p1487032_1487160"	130	194	150
"putative_UTR:p1488076_1488158"	53	120	77
"putative_UTR:m1489966_1490116"	17	42	33
"putative_UTR:m1494426_1494480"	85	77	49
"putative_UTR:p1497156_1497223"	28	35	26
"putative_UTR:p1507535_1507572"	74	110	78
"putative_UTR:m1507635_1508183"	18	33	21
"putative_UTR:m1511807_1511972"	18	23	13
"putative_UTR:p1512007_1512693"	53	80	64
"putative_UTR:p1512861_1513046"	9	16	7
"putative_UTR:p1517363_1517490"	8	9	4
"putative_UTR:p1518627_1518762"	156	206	150
"putative_UTR:p1519135_1519414"	121	110	82
"putative_UTR:m1532112_1532442"	14	75	63
"putative_UTR:p1532371_1532614"	92	89	53
"putative_UTR:m1533634_1533685"	28	94	90
"putative_UTR:m1535393_1535546"	116	122	84
"putative_UTR:m1537645_1537782"	129	171	137
"putative_UTR:p1539441_1539808"	186	146	110
"putative_UTR:m1540646_1540699"	51	56	49
"putative_UTR:p1540821_1541019"	551	267	276
"putative_UTR:p1541806_1542066"	269	132	143
"putative_UTR:p1547138_1547831"	1727	1398	1374
"putative_UTR:m1550329_1550578"	85	94	57
"putative_UTR:p1550642_1550773"	26	42	31
"putative_UTR:p1552597_1552653"	91	96	73
"putative_UTR:p1561384_1561463"	16	60	42
"putative_UTR:p1563389_1563693"	46	158	100
"putative_UTR:p1564267_1564400"	511	607	450
"putative_UTR:p1565028_1565092"	306	394	264
"putative_UTR:p1566698_1566824"	244	369	299
"putative_UTR:p1568037_1568120"	52	72	62
"putative_UTR:p1572082_1572389"	4	3	6
"putative_UTR:m1573858_1574111"	326	764	684
"putative_UTR:m1574768_1574849"	9	12	6
"putative_UTR:p1576779_1576929"	40	60	59
"putative_UTR:p1577533_1577612"	90	100	117
"putative_UTR:p1580325_1580590"	75	119	99
"putative_UTR:m1580423_1581144"	1	1	5
"putative_UTR:p1581074_1581519"	52	68	73
"putative_UTR:m1581970_1582084"	1	1	4
"putative_UTR:m1585316_1586209"	287	370	241
"putative_UTR:p1586214_1586521"	176	210	142
"putative_UTR:p1589173_1589385"	101	113	89
"putative_UTR:p1590348_1590396"	95	113	94
"putative_UTR:p1593326_1593502"	92	125	116
"putative_UTR:p1593979_1594041"	138	184	210
"putative_UTR:p1601038_1601229"	141	124	121
"putative_UTR:m1611765_1612341"	44	173	97
"putative_UTR:m1612951_1613037"	104	274	212
"putative_UTR:p1613256_1613306"	101	238	157
"putative_UTR:p1616350_1616895"	122	240	184
"putative_UTR:p1618071_1618292"	279	307	267
"putative_UTR:p1622092_1622298"	46	48	40
"putative_UTR:m1622134_1622206"	20	46	48
"putative_UTR:m1623071_1623286"	279	239	189
"putative_UTR:m1625366_1625417"	151	139	92
"putative_UTR:m1630200_1630322"	177	158	150
"putative_UTR:p1634898_1635028"	52	64	70
"putative_UTR:p1635956_1636155"	44	58	42
"putative_UTR:m1639561_1639673"	41	87	52
"putative_UTR:m1642486_1642536"	44	34	41
"putative_UTR:m1644261_1644362"	99	117	86
"putative_UTR:m1646139_1646232"	6	7	5
"putative_UTR:p1653579_1654338"	83	105	67
"putative_UTR:m1655503_1655608"	40	42	35
"putative_UTR:p1660621_1660655"	148	185	133
"putative_UTR:p1662285_1662380"	76	81	58
"putative_UTR:p1666765_1666989"	418	454	342
"putative_UTR:p1669145_1669282"	157	305	209
"putative_UTR:p1672385_1672817"	52	81	49
"putative_UTR:m1675454_1676016"	41	92	85
"putative_UTR:m1676884_1677190"	2	1	4
"putative_UTR:p1678909_1678941"	207	241	179
"putative_UTR:p1679173_1679294"	23	44	25
"putative_UTR:p1680630_1680907"	94	111	88
"putative_UTR:m1680715_1681207"	93	236	247
"putative_UTR:m1681967_1682210"	1	10	5
"putative_UTR:p1682109_1682156"	40	61	57
"putative_UTR:p1687889_1687940"	8	20	16
"putative_UTR:m1689154_1689302"	79	69	82
"putative_UTR:m1689921_1690133"	158	182	154
"putative_UTR:p1692712_1692923"	493	689	532
"putative_UTR:p1693824_1694033"	299	200	198
"putative_UTR:m1696444_1696726"	249	378	324
"putative_UTR:m1697912_1698094"	117	175	159
"putative_UTR:p1702594_1703073"	148	208	122
"putative_UTR:p1714054_1714365"	242	267	280
"putative_UTR:p1720803_1720874"	24	44	14
"putative_UTR:m1728410_1728952"	417	319	400
"putative_UTR:m1732947_1733115"	12	17	15
"putative_UTR:p1735412_1735975"	1542	1544	1543
"putative_UTR:p1736213_1736518"	213	295	255
"putative_UTR:p1739645_1739841"	30	35	35
"putative_UTR:p1743772_1744483"	136	306	179
"putative_UTR:m1744372_1744425"	1	7	84
"putative_UTR:p1745018_1745063"	72	159	166
"putative_UTR:p1747147_1747194"	29	43	38
"putative_UTR:p1747627_1747693"	40	61	37
"putative_UTR:p1751249_1751539"	100	229	157
"putative_UTR:p1757420_1757680"	149	87	82
"putative_UTR:p1763394_1763427"	48	67	59
"putative_UTR:p1764718_1764754"	25	32	24
"putative_UTR:p1765384_1765516"	12	32	17
"putative_UTR:m1773830_1773927"	37	85	67
"putative_UTR:m1774621_1774734"	76	208	145
"putative_UTR:m1779105_1779193"	5	14	10
"putative_UTR:m1782585_1782757"	24	47	35
"putative_UTR:m1783229_1783308"	11	16	11
"putative_UTR:m1784302_1784496"	4	16	9
"putative_UTR:m1786529_1786583"	20	23	24
"putative_UTR:p1790224_1790283"	38	49	39
"putative_UTR:m1791820_1792399"	46	128	110
"putative_UTR:p1792236_1792300"	17	30	34
"putative_UTR:m1793741_1793996"	97	132	95
"putative_UTR:p1794706_1794755"	375	425	377
"putative_UTR:p1798246_1798293"	114	223	184
"putative_UTR:m1798604_1799072"	64	60	36
"putative_UTR:p1806001_1806180"	105	156	130
"putative_UTR:m1806862_1807297"	274	342	230
"putative_UTR:p1807264_1807437"	15	45	24
"putative_UTR:p1810151_1810239"	123	241	209
"putative_UTR:p1811059_1811126"	245	401	280
"putative_UTR:p1814578_1815252"	348	598	444
"putative_UTR:p1816082_1816188"	60	56	57
"putative_UTR:p1818518_1818574"	108	90	92
"putative_UTR:m1819728_1819962"	38	40	37
"putative_UTR:m1823274_1823359"	36	17	31
"putative_UTR:m1825888_1825997"	180	135	116
"putative_UTR:m1827946_1827998"	8	7	11
"putative_UTR:p1828115_1828179"	154	180	178
"putative_UTR:p1828798_1828873"	217	213	181
"putative_UTR:m1828808_1828864"	9	11	9
"putative_UTR:m1830562_1830892"	102	143	120
"putative_UTR:p1833380_1833541"	406	888	593
"putative_UTR:m1836188_1836386"	10	25	24
"putative_UTR:p1836237_1836673"	78	136	91
"putative_UTR:m1836831_1836880"	56	139	79
"putative_UTR:p1837027_1837074"	39	63	48
"putative_UTR:p1842404_1842450"	62	107	73
"putative_UTR:m1842740_1842897"	61	51	31
"putative_UTR:p1842892_1843261"	133	287	191
"putative_UTR:m1846309_1846715"	1097	842	953
"putative_UTR:p1846660_1846781"	40	28	40
"putative_UTR:p1851989_1852272"	1939	1764	1401
"putative_UTR:p1852879_1852927"	456	558	387
"putative_UTR:p1853123_1853183"	607	709	561
"putative_UTR:p1853574_1853605"	287	314	236
"putative_UTR:p1854389_1854887"	54	112	83
"putative_UTR:p1855680_1855763"	85	92	135
"putative_UTR:p1856697_1856773"	57	30	36
"putative_UTR:m1862019_1862346"	74	54	55
"putative_UTR:p1872560_1872638"	23	26	26
"putative_UTR:p1874052_1874159"	36	49	79
"putative_UTR:p1892288_1892329"	17	27	20
"putative_UTR:p1902297_1902396"	55	101	86
"putative_UTR:p1906327_1906402"	11	50	40
"putative_UTR:p1907321_1907593"	51	82	59
"putative_UTR:p1910811_1911549"	51	106	87
"putative_UTR:p1921447_1921541"	27	46	54
"putative_UTR:p1923690_1923828"	259	353	250
"putative_UTR:m1928618_1929130"	206	402	317
"putative_UTR:m1929722_1929785"	274	423	285
"putative_UTR:m1933879_1933949"	0	2	1
"putative_UTR:p1933949_1934881"	393	357	406
"putative_UTR:p1941680_1941852"	63	73	58
"putative_UTR:p1944757_1944808"	7	16	8
"putative_UTR:p1946421_1946612"	23	26	17
"putative_UTR:p1946687_1946859"	2	3	4
"putative_UTR:p1946923_1947860"	9	22	16
"putative_UTR:m1950365_1950631"	75	67	66
"putative_UTR:p1950882_1951851"	18	25	26
"putative_UTR:m1953758_1953863"	57	115	79
"putative_UTR:m1958701_1959242"	106	165	116
"putative_UTR:m1959792_1959854"	88	95	145
"putative_UTR:m1961789_1962227"	93	300	549
"putative_UTR:m1965371_1965547"	503	411	544
"putative_UTR:p1965575_1965656"	4778	2789	5252
"putative_UTR:p1965942_1966654"	3702	2532	4715
"putative_UTR:p1970705_1970878"	113	120	91
"putative_UTR:p1976228_1976500"	158	206	155
"putative_UTR:m1977150_1977327"	47	62	72
"putative_UTR:m1977886_1977941"	15	33	21
"putative_UTR:p1981004_1981129"	50	86	54
"putative_UTR:m1984776_1984861"	24	74	75
"putative_UTR:m1992578_1993427"	102	171	153
"putative_UTR:p1994662_1994800"	132	61	83
"putative_UTR:p1998947_1999736"	700	1111	874
"putative_UTR:p2000007_2000073"	38	54	61
"putative_UTR:p2000434_2000613"	52	77	51
"putative_UTR:p2002471_2002625"	103	121	84
"putative_UTR:p2006448_2006635"	228	347	287
"putative_UTR:p2006948_2007554"	115	186	138
"putative_UTR:m2012011_2012080"	12	53	34
"putative_UTR:m2012531_2012685"	44	95	94
"putative_UTR:m2014480_2014677"	17	25	34
"putative_UTR:p2015263_2016097"	101	224	147
"putative_UTR:p2017308_2017739"	308	320	373
"putative_UTR:p2023433_2023806"	342	365	372
"putative_UTR:p2027972_2028069"	29	35	30
"putative_UTR:p2029478_2029525"	3	1	7
"putative_UTR:p2029771_2029903"	405	481	558
"putative_UTR:p2030204_2030346"	1865	1909	2093
"putative_UTR:p2030644_2030693"	994	973	1000
"putative_UTR:p2030979_2031065"	1096	1150	1094
"putative_UTR:p2031969_2032239"	920	1156	1085
"putative_UTR:p2038533_2038609"	160	234	189
"putative_UTR:p2038708_2039158"	208	255	238
"putative_UTR:p2039351_2039452"	87	67	70
"putative_UTR:p2043273_2043383"	3	5	3
"putative_UTR:p2047588_2048071"	407	425	567
"putative_UTR:p2049598_2049920"	5	8	2
"putative_UTR:p2051151_2051281"	63	68	59
"putative_UTR:p2052689_2052932"	601	769	842
"putative_UTR:p2053290_2053442"	222	251	202
"putative_UTR:m2053643_2054156"	46	50	71
"putative_UTR:m2055360_2055680"	472	268	1239
"putative_UTR:m2056113_2056342"	2951	867	3835
"putative_UTR:p2056367_2056520"	25	36	27
"putative_UTR:p2057424_2057527"	116	176	145
"putative_UTR:p2058194_2058255"	122	305	239
"putative_UTR:p2059343_2059594"	20	48	28
"putative_UTR:m2060916_2061177"	50	37	24
"putative_UTR:p2061059_2061210"	8	9	8
"putative_UTR:m2062675_2062800"	158	169	137
"putative_UTR:p2064671_2064798"	1	0	2
"putative_UTR:p2068884_2069079"	131	152	115
"putative_UTR:p2071915_2071951"	640	523	477
"putative_UTR:p2072357_2072595"	2091	2004	1539
"putative_UTR:p2073825_2073942"	346	313	275
"putative_UTR:p2074438_2074840"	403	453	358
"putative_UTR:p2075519_2075570"	158	227	165
"putative_UTR:p2075829_2075876"	396	396	340
"putative_UTR:p2078703_2079829"	148	192	148
"putative_UTR:m2084637_2084755"	89	174	142
"putative_UTR:m2086982_2087073"	70	149	121
"putative_UTR:m2089519_2089680"	129	103	93
"putative_UTR:m2092086_2092258"	384	283	277
"putative_UTR:m2096600_2097112"	364	427	438
"putative_UTR:p2096776_2096876"	3	1	5
"putative_UTR:p2097300_2097347"	43	33	36
"putative_UTR:m2101162_2101650"	38	65	40
"putative_UTR:m2103043_2103183"	57	83	78
"putative_UTR:m2104824_2104896"	126	238	205
"putative_UTR:p2104902_2104984"	151	273	203
"putative_UTR:p2107684_2107735"	11	16	8
"putative_UTR:p2108714_2108883"	16	19	18
"putative_UTR:p2109471_2109543"	69	72	54
"putative_UTR:m2110255_2110590"	179	203	149
"putative_UTR:m2118976_2119459"	454	489	371
"putative_UTR:m2120696_2120794"	687	950	842
"putative_UTR:m2121431_2121494"	1606	1590	1378
"putative_UTR:p2124825_2125339"	134	202	156
"putative_UTR:p2125820_2125903"	294	284	282
"putative_UTR:p2127968_2128021"	21	22	22
"putative_UTR:m2129919_2130540"	399	522	388
"putative_UTR:m2135868_2135973"	88	134	127
"putative_UTR:p2136127_2136257"	254	393	273
"putative_UTR:m2137150_2137518"	43	32	34
"putative_UTR:p2137401_2138023"	234	494	350
"putative_UTR:p2139710_2139740"	248	178	145
"putative_UTR:m2139819_2140738"	32	22	19
"putative_UTR:p2140705_2141038"	333	197	196
"putative_UTR:p2142346_2142520"	11	21	12
"putative_UTR:p2143676_2144049"	65	64	51
"putative_UTR:m2144883_2145213"	109	110	102
"putative_UTR:p2145249_2145572"	45	51	33
"putative_UTR:p2150788_2150953"	735	728	736
"putative_UTR:p2151386_2151783"	409	326	318
"putative_UTR:m2152991_2153234"	76	80	61
"putative_UTR:m2157300_2157381"	41	50	52
"putative_UTR:m2157988_2158086"	126	177	109
"putative_UTR:p2160349_2160462"	241	271	210
"putative_UTR:p2162763_2163219"	257	258	215
"putative_UTR:m2170727_2171060"	338	435	363
"putative_UTR:p2172487_2172557"	62	33	54
"putative_UTR:m2176025_2176549"	90	138	107
"putative_UTR:p2176514_2176771"	163	178	168
"putative_UTR:m2178436_2178956"	108	89	69
"putative_UTR:p2178950_2179672"	350	756	552
"putative_UTR:m2179550_2180449"	15	33	24
"putative_UTR:p2180447_2180579"	53	100	74
"putative_UTR:p2183870_2184339"	157	186	129
"putative_UTR:p2187350_2187383"	2	5	1
"putative_UTR:m2193738_2194643"	182	473	320
"putative_UTR:p2197696_2198023"	101	174	144
"putative_UTR:p2201580_2201718"	87	121	73
"putative_UTR:p2202097_2202137"	52	76	67
"putative_UTR:p2203130_2203383"	200	234	209
"putative_UTR:m2218645_2218843"	46	41	43
"putative_UTR:m2219252_2219517"	45	32	34
"putative_UTR:p2219593_2219753"	137	141	136
"putative_UTR:p2220801_2220907"	82	56	65
"putative_UTR:m2223165_2223342"	590	797	672
"putative_UTR:m2224030_2224219"	468	501	417
"putative_UTR:m2225189_2225412"	75	124	88
"putative_UTR:m2228648_2228990"	9	21	12
"putative_UTR:p2230611_2231025"	31	92	257
"putative_UTR:p2231455_2231679"	266	486	399
"putative_UTR:m2233638_2233880"	64	58	54
"putative_UTR:m2234217_2234304"	28	51	39
"putative_UTR:m2234892_2234990"	25	42	24
"putative_UTR:m2237576_2237627"	56	168	187
"putative_UTR:p2238086_2238140"	2	0	2
"putative_UTR:p2238909_2239003"	642	288	508
"putative_UTR:p2239958_2240158"	598	266	626
"putative_UTR:p2242877_2243530"	292	849	1299
"putative_UTR:m2248221_2248562"	86	284	413
"putative_UTR:m2249421_2249477"	85	156	341
"putative_UTR:m2251884_2252433"	420	496	825
"putative_UTR:m2255094_2256083"	870	3348	4643
"putative_UTR:p2255986_2256134"	36	39	37
"putative_UTR:m2256429_2256587"	19	40	24
"putative_UTR:m2258081_2258853"	6	20	15
"putative_UTR:p2258672_2259325"	24	115	78
"putative_UTR:p2259821_2260664"	10	25	22
"putative_UTR:m2261390_2261815"	47	82	55
"putative_UTR:p2261689_2262574"	3	4	3
"putative_UTR:p2262992_2263425"	4	22	11
"putative_UTR:p2265039_2265279"	54	83	70
"putative_UTR:m2265853_2266420"	54	101	107
"putative_UTR:p2266406_2266715"	23	58	42
"putative_UTR:m2266721_2266804"	105	99	87
"putative_UTR:m2270306_2270749"	108	80	43
"putative_UTR:m2271749_2271813"	48	44	40
"putative_UTR:m2274509_2274568"	31	110	147
"putative_UTR:p2280125_2280656"	197	247	449
"putative_UTR:m2282568_2282746"	10	15	15
"putative_UTR:p2282741_2283641"	17	16	20
"putative_UTR:m2289600_2289684"	48	65	51
"putative_UTR:m2306987_2307185"	107	224	149
"putative_UTR:m2307518_2308130"	135	258	198
"putative_UTR:p2307725_2307820"	117	154	127
"putative_UTR:p2308157_2309108"	190	180	176
"putative_UTR:m2310756_2310912"	3	11	7
"putative_UTR:p2313839_2314237"	77	122	80
"putative_UTR:m2315972_2316680"	306	321	283
"putative_UTR:m2326810_2327490"	14	17	11
"putative_UTR:p2327502_2327740"	24	24	39
"putative_UTR:m2330147_2330213"	4	6	3
"putative_UTR:m2330964_2331415"	21	20	21
"putative_UTR:p2331407_2331996"	102	199	148
"putative_UTR:m2332880_2333036"	36	73	60
"putative_UTR:p2337870_2338708"	572	730	593
"putative_UTR:m2338506_2338627"	198	240	188
"putative_UTR:p2342945_2343026"	148	232	194
"putative_UTR:m2347834_2348557"	530	548	448
"putative_UTR:m2353298_2353364"	700	627	558
"putative_UTR:p2360164_2360239"	48	85	70
"putative_UTR:p2363282_2363390"	81	157	93
"putative_UTR:m2363663_2364085"	60	134	73
"putative_UTR:p2364108_2364213"	39	72	37
"putative_UTR:p2366975_2367358"	44	78	58
"putative_UTR:m2368004_2368982"	154	259	198
"putative_UTR:p2368443_2368684"	184	188	161
"putative_UTR:m2370793_2370904"	244	276	196
"putative_UTR:m2373716_2374460"	584	526	487
"putative_UTR:p2374458_2374636"	134	161	167
"putative_UTR:p2376098_2376570"	36	60	53
"putative_UTR:m2379145_2379244"	19	31	17
"putative_UTR:m2379728_2379805"	71	100	87
"putative_UTR:m2380945_2381020"	1	1	0
"putative_UTR:p2381025_2381070"	1	2	0
"putative_UTR:m2382232_2382488"	121	147	158
"putative_UTR:p2382493_2382998"	0	5	2
"putative_UTR:p2387172_2387311"	23	23	25
"putative_UTR:p2388512_2388615"	214	240	253
"putative_UTR:p2390289_2390923"	251	465	415
"putative_UTR:m2392460_2392516"	130	106	107
"putative_UTR:m2393321_2393850"	53	61	64
"putative_UTR:m2395238_2395300"	97	80	62
"putative_UTR:m2396839_2396901"	799	751	668
"putative_UTR:p2397244_2397329"	94	108	87
"putative_UTR:p2398407_2398719"	316	434	353
"putative_UTR:m2399637_2399797"	198	111	93
"putative_UTR:m2402122_2402192"	13	22	20
"putative_UTR:m2403529_2404164"	227	412	290
"putative_UTR:p2404036_2404213"	32	23	22
"putative_UTR:m2404522_2404615"	383	734	567
"putative_UTR:m2405399_2405665"	469	938	777
"putative_UTR:m2405957_2406117"	318	514	408
"putative_UTR:m2409525_2409696"	179	374	306
"putative_UTR:m2423138_2423239"	841	668	586
"putative_UTR:m2424839_2425047"	188	204	181
"putative_UTR:m2431421_2431564"	205	144	118
"putative_UTR:m2431970_2432058"	229	215	165
"putative_UTR:m2433359_2433630"	61	92	109
"putative_UTR:m2434537_2434638"	53	88	67
"putative_UTR:p2434793_2434846"	24	28	21
"putative_UTR:m2436916_2437445"	70	97	100
"putative_UTR:p2437460_2437549"	47	66	51
"putative_UTR:m2440018_2440331"	105	175	148
"putative_UTR:m2441721_2441810"	30	36	27
"putative_UTR:p2442967_2443301"	118	100	89
"putative_UTR:m2444287_2444585"	93	97	67
"putative_UTR:p2444586_2444770"	21	31	26
"putative_UTR:m2445330_2445414"	242	221	190
"putative_UTR:m2446947_2447065"	429	389	301
"putative_UTR:m2447501_2447604"	207	201	175
"putative_UTR:p2449963_2450208"	73	119	98
"putative_UTR:m2451151_2451246"	13	47	18
"putative_UTR:m2452021_2452114"	213	373	227
"putative_UTR:m2453273_2453572"	209	376	278
"putative_UTR:p2457513_2457552"	420	462	348
"putative_UTR:p2461328_2461697"	74	70	63
"putative_UTR:m2461381_2461503"	20	27	14
"putative_UTR:m2463048_2463232"	525	695	677
"putative_UTR:m2464752_2464836"	238	361	283
"putative_UTR:m2466520_2467052"	102	125	123
"putative_UTR:m2468028_2468930"	1566	1704	1437
"putative_UTR:p2468156_2468230"	20	36	26
"putative_UTR:m2469288_2469386"	619	837	736
"putative_UTR:p2471333_2471410"	101	104	85
"putative_UTR:p2473243_2473399"	186	137	182
"putative_UTR:m2473901_2474863"	181	265	191
"putative_UTR:m2475971_2476041"	54	78	59
"putative_UTR:m2479852_2479922"	59	67	44
"putative_UTR:p2479886_2480033"	43	50	37
"putative_UTR:p2481870_2481964"	137	135	106
"putative_UTR:p2484532_2484583"	57	61	32
"putative_UTR:p2486988_2487614"	391	479	407
"putative_UTR:p2489052_2489529"	583	663	811
"putative_UTR:m2493743_2493828"	20	64	42
"putative_UTR:m2495400_2495460"	48	50	47
"putative_UTR:p2497688_2497741"	7	11	11
"putative_UTR:p2498588_2498831"	60	59	40
"putative_UTR:p2508453_2508519"	44	57	36
"putative_UTR:m2509898_2510350"	504	416	420
"putative_UTR:p2510257_2510345"	49	55	49
"putative_UTR:p2512182_2512538"	204	290	205
"putative_UTR:p2515245_2515303"	99	102	81
"putative_UTR:p2516549_2516699"	21	46	49
"putative_UTR:p2516719_2516786"	8	17	17
"putative_UTR:p2517696_2517770"	1202	2072	1205
"putative_UTR:p2519366_2519395"	392	561	381
"putative_UTR:p2520713_2520742"	481	628	531
"putative_UTR:p2522165_2522359"	246	348	268
"putative_UTR:p2527919_2527983"	10	15	14
"putative_UTR:m2529175_2529340"	131	389	244
"putative_UTR:m2529875_2530003"	408	507	507
"putative_UTR:m2531898_2532201"	373	459	250
"putative_UTR:p2533966_2534284"	65	104	77
"putative_UTR:p2536595_2536750"	39	31	28
"putative_UTR:m2538351_2538643"	118	75	102
"putative_UTR:p2541391_2541552"	21	9	7
"putative_UTR:p2545284_2545331"	204	279	216
"putative_UTR:p2545632_2545736"	333	554	471
"putative_UTR:p2546790_2546882"	28	93	62
"putative_UTR:p2548940_2549032"	18	71	30
"putative_UTR:p2551529_2551559"	90	107	68
"putative_UTR:p2552940_2553172"	112	149	98
"putative_UTR:p2562458_2562598"	425	594	529
"putative_UTR:p2563115_2563173"	538	672	585
"putative_UTR:p2564029_2564202"	165	155	91
"putative_UTR:p2567411_2567503"	77	102	97
"putative_UTR:p2568407_2568437"	92	157	135
"putative_UTR:p2568891_2569081"	140	138	147
"putative_UTR:m2569793_2570058"	55	62	35
"putative_UTR:p2570054_2570409"	98	102	76
"putative_UTR:p2573708_2573812"	414	414	377
"putative_UTR:p2574056_2574451"	387	417	356
"putative_UTR:m2577696_2577850"	40	33	29
"putative_UTR:m2578697_2579227"	55	68	62
"putative_UTR:m2580211_2580315"	14	34	55
"putative_UTR:m2581714_2581763"	28	57	45
"putative_UTR:m2584655_2585051"	224	235	245
"putative_UTR:m2596774_2597008"	42	58	35
"putative_UTR:p2596781_2596956"	8	29	23
"putative_UTR:p2600480_2600730"	45	76	61
"putative_UTR:m2601458_2601913"	223	380	654
"putative_UTR:m2603462_2603594"	77	133	231
"putative_UTR:p2606755_2607270"	27	53	46
"putative_UTR:p2608526_2608795"	175	499	322
"putative_UTR:p2610422_2610584"	47	86	42
"putative_UTR:m2612988_2613106"	243	201	185
"putative_UTR:p2614567_2614692"	86	122	101
"putative_UTR:m2617537_2617666"	50	17	18
"putative_UTR:p2617582_2617823"	59	80	79
"putative_UTR:m2618909_2619070"	118	117	127
"putative_UTR:p2620530_2620793"	104	109	103
"putative_UTR:m2625140_2625887"	1408	931	1105
"putative_UTR:m2626173_2626222"	3675	2483	2850
"putative_UTR:m2626520_2626653"	6725	3947	4213
"putative_UTR:m2626981_2627046"	1045	573	619
"putative_UTR:m2632723_2632922"	96	48	55
"putative_UTR:m2637549_2637687"	52	119	83
"putative_UTR:p2641197_2641245"	161	217	163
"putative_UTR:m2641995_2642149"	36	62	63
"putative_UTR:p2642043_2642328"	118	124	71
"putative_UTR:m2645531_2645770"	64	101	62
"putative_UTR:m2646674_2646746"	56	75	70
"putative_UTR:m2651739_2652036"	30	23	22
"putative_UTR:m2653988_2654061"	106	161	130
"putative_UTR:m2655094_2655608"	1363	1639	1362
"putative_UTR:p2655583_2655702"	76	68	66
"putative_UTR:m2656116_2656214"	213	278	231
"putative_UTR:m2667116_2667254"	12	15	4
"putative_UTR:m2677821_2678652"	21	16	18
"putative_UTR:p2680334_2680764"	145	237	271
"putative_UTR:m2681922_2682014"	50	56	25
"putative_UTR:m2683143_2683247"	78	119	108
"putative_UTR:p2684426_2684678"	769	1052	720
"putative_UTR:p2687974_2688009"	188	207	126
"putative_UTR:p2689942_2690071"	48	72	64
"putative_UTR:p2692076_2692223"	3783	2153	2063
"putative_UTR:p2692440_2692550"	1475	884	970
"putative_UTR:p2692716_2692798"	3266	1471	1490
"putative_UTR:m2693835_2693908"	4	6	10
"putative_UTR:p2693885_2694554"	684	411	450
"putative_UTR:m2697715_2697897"	34	72	51
"putative_UTR:m2700455_2700534"	34	42	38
"putative_UTR:p2703236_2703268"	298	259	153
"putative_UTR:m2703669_2704008"	110	70	74
"putative_UTR:p2703839_2704040"	43	20	22
"putative_UTR:m2706329_2706493"	39	61	72
"putative_UTR:m2709966_2710350"	96	121	95
"putative_UTR:p2710044_2710074"	112	138	132
"putative_UTR:p2710336_2711057"	217	304	233
"putative_UTR:m2716315_2716394"	95	127	106
"putative_UTR:m2718809_2719135"	59	70	38
"putative_UTR:p2726151_2726192"	31	54	39
"putative_UTR:m2726630_2727335"	519	819	662
"putative_UTR:p2727340_2727848"	31	84	63
"putative_UTR:m2728267_2728436"	518	879	831
"putative_UTR:m2734614_2734791"	102	131	104
"putative_UTR:m2739687_2739771"	505	604	429
"putative_UTR:m2740362_2740521"	191	258	248
"putative_UTR:m2741234_2742122"	356	501	410
"putative_UTR:p2742185_2742538"	27	33	31
"putative_UTR:m2744985_2745313"	428	428	464
"putative_UTR:m2750226_2750312"	70	78	53
"putative_UTR:m2752181_2752708"	52	121	101
"putative_UTR:m2752738_2752847"	21	54	56
"putative_UTR:m2756705_2756808"	271	280	248
"putative_UTR:m2759489_2759746"	1126	1246	1029
"putative_UTR:p2760740_2760853"	516	320	322
"putative_UTR:m2761941_2762530"	433	456	390
"putative_UTR:m2763775_2763890"	293	389	307
"putative_UTR:m2765405_2765536"	95	115	93
"putative_UTR:p2765612_2765654"	52	121	107
"putative_UTR:p2766840_2767093"	124	176	129
"putative_UTR:m2768160_2768260"	21	7	9
"putative_UTR:m2771187_2771643"	86	93	79
"putative_UTR:p2771572_2771726"	11	28	22
"putative_UTR:p2775205_2775271"	19	35	34
"putative_UTR:m2776132_2776315"	73	121	67
"putative_UTR:m2782263_2782365"	274	339	291
"putative_UTR:m2792495_2792595"	318	177	160
"putative_UTR:m2793989_2794071"	34	49	39
"putative_UTR:p2794250_2794349"	32	36	37
"putative_UTR:p2795121_2795279"	24	27	24
"putative_UTR:m2808179_2808757"	192	366	237
"putative_UTR:p2808736_2808924"	42	155	85
"putative_UTR:m2812097_2812354"	277	405	238
"putative_UTR:p2821682_2821711"	28	45	23
"putative_UTR:p2822360_2822437"	40	51	35
"putative_UTR:p2823260_2823708"	395	446	385
"putative_UTR:p2825485_2825636"	92	91	86
"putative_UTR:p2829811_2830160"	136	256	206
"putative_UTR:p2830584_2831103"	111	173	144
"putative_UTR:m2830670_2830876"	20	24	16
"putative_UTR:m2832592_2832709"	35	57	45
"putative_UTR:m2833826_2834108"	38	70	60
"putative_UTR:p2835400_2835493"	8	12	13
"putative_UTR:p2835567_2835784"	113	164	128
"putative_UTR:p2837264_2837683"	129	195	129
"putative_UTR:p2838158_2838584"	99	116	89
"putative_UTR:m2839931_2840122"	47	51	34
"putative_UTR:m2849333_2849498"	164	186	136
"putative_UTR:m2849740_2849851"	17	66	48
"putative_UTR:p2851717_2852055"	59	122	57
"putative_UTR:m2857782_2857852"	70	98	81
"putative_UTR:m2860419_2861147"	65	146	91
"putative_UTR:p2861145_2861458"	218	262	208
"putative_UTR:m2868915_2869252"	385	384	348
"putative_UTR:m2869628_2869726"	3	11	8
"putative_UTR:m2870365_2870774"	33	73	58
"putative_UTR:m2876486_2876575"	180	252	219
"putative_UTR:m2877658_2878570"	26	36	30
"putative_UTR:p2877747_2877830"	353	107	120
"putative_UTR:p2878542_2879481"	280	81	110
"putative_UTR:m2879930_2880166"	6	10	3
"putative_UTR:p2884505_2884610"	116	124	107
"putative_UTR:p2892450_2892671"	100	187	170
"putative_UTR:p2894902_2894969"	10	10	8
"putative_UTR:m2899357_2900225"	215	307	230
"putative_UTR:m2904690_2904820"	42	71	58
"putative_UTR:m2907105_2907825"	230	159	116
"putative_UTR:p2907741_2907825"	70	77	59
"putative_UTR:m2910901_2911003"	568	399	360
"putative_UTR:m2915737_2915845"	309	347	282
"putative_UTR:p2916174_2916359"	54	68	51
"putative_UTR:m2916194_2916274"	105	130	91
"putative_UTR:p2917752_2917870"	198	287	288
"putative_UTR:p2921378_2921550"	232	208	331
"putative_UTR:m2923140_2923198"	6	15	7
"putative_UTR:p2923183_2923483"	50	42	39
"putative_UTR:p2926139_2926354"	133	145	116
"putative_UTR:p2927909_2927989"	542	376	375
"putative_UTR:m2930097_2930804"	279	477	329
"putative_UTR:p2930785_2931104"	38	93	59
"putative_UTR:m2931561_2931692"	122	204	123
"putative_UTR:p2934951_2935045"	92	65	66
"putative_UTR:m2936659_2936809"	25	28	29
"putative_UTR:m2943340_2943599"	18	24	17
"putative_UTR:m2944986_2945846"	26	75	48
"putative_UTR:p2945831_2946433"	11	26	15
"putative_UTR:m2946288_2947095"	109	127	76
"putative_UTR:p2947112_2947229"	9	9	5
"putative_UTR:p2948600_2948635"	1	3	1
"putative_UTR:p2949458_2949592"	742	595	1004
"putative_UTR:m2950145_2950488"	8	34	47
"putative_UTR:p2950487_2951423"	246	395	745
"putative_UTR:m2952504_2952561"	395	975	1576
"putative_UTR:m2952994_2953506"	600	1005	2011
"putative_UTR:p2954968_2955057"	10	20	29
"putative_UTR:p2955421_2955766"	2229	1886	3242
"putative_UTR:p2957433_2957571"	117	340	367
"putative_UTR:m2958219_2958908"	1246	663	631
"putative_UTR:p2958871_2959302"	52	95	74
"putative_UTR:m2959191_2959334"	966	508	542
"putative_UTR:p2964323_2964404"	115	127	109
"putative_UTR:m2964776_2965025"	52	36	41
"putative_UTR:p2964852_2965077"	10	13	17
"putative_UTR:m2965359_2965477"	33	31	30
"putative_UTR:p2965894_2965938"	100	131	164
"putative_UTR:p2966398_2966532"	82	140	136
"putative_UTR:m2969134_2969496"	87	143	108
"putative_UTR:p2969580_2969752"	29	44	69
"putative_UTR:p2970014_2970122"	7	18	7
"putative_UTR:p2971550_2971658"	3	10	8
"putative_UTR:p2972028_2972159"	24	18	18
"putative_UTR:m2973307_2973794"	21	28	17
"putative_UTR:m2975776_2975883"	13	22	12
"putative_UTR:p2980904_2981481"	256	246	321
"putative_UTR:p2981755_2981852"	11	11	11
"putative_UTR:p2982352_2982698"	110	199	185
"putative_UTR:p2982981_2983070"	16	34	31
"putative_UTR:p2984655_2984732"	1	9	5
"putative_UTR:p2985754_2986200"	52	66	57
"putative_UTR:p2986206_2986838"	26	37	32
"putative_UTR:p2987618_2987681"	6	11	5
"putative_UTR:p2990593_2990705"	38	70	51
"putative_UTR:m2990766_2991183"	71	115	94
"putative_UTR:p2991117_2991462"	90	94	74
"putative_UTR:p2995946_2996104"	63	107	83
"putative_UTR:m2997744_2998051"	89	114	107
"putative_UTR:p2998056_2998241"	62	83	56
"putative_UTR:p3000070_3000111"	42	57	40
"putative_UTR:p3001904_3001982"	89	142	102
"putative_UTR:m3002854_3003279"	64	68	62
"putative_UTR:m3005651_3005754"	89	128	119
"putative_UTR:p3009274_3009343"	89	90	68
"putative_UTR:m3010011_3010696"	54	56	41
"putative_UTR:p3010687_3010889"	97	98	92
"putative_UTR:m3011768_3011835"	181	180	136
"putative_UTR:m3011937_3012828"	34	73	74
"putative_UTR:m3013609_3013682"	217	375	305
"putative_UTR:m3014148_3014662"	269	219	174
"putative_UTR:m3014966_3015201"	214	230	229
"putative_UTR:p3015854_3015943"	14	28	24
"putative_UTR:p3017689_3017834"	131	174	151
"putative_UTR:p3019422_3019457"	122	188	155
"putative_UTR:m3019625_3019813"	30	34	37
"putative_UTR:p3019887_3020225"	31	50	26
"putative_UTR:p3020227_3020572"	989	1228	1294
"putative_UTR:m3020821_3021547"	455	419	324
"putative_UTR:p3021548_3021838"	24	32	22
"putative_UTR:p3022286_3022460"	221	273	199
"putative_UTR:p3023433_3023564"	285	431	315
"putative_UTR:p3024258_3025232"	370	487	306
"putative_UTR:p3026848_3027064"	135	128	137
"putative_UTR:p3028040_3028097"	347	445	529
"putative_UTR:p3029124_3029171"	112	165	172
"putative_UTR:p3029859_3029950"	110	107	123
"putative_UTR:m3030362_3030412"	65	54	35
"putative_UTR:m3030878_3031039"	179	191	147
"putative_UTR:m3031538_3031624"	6	18	18
"putative_UTR:m3032280_3032519"	96	196	169
"putative_UTR:p3032499_3032789"	279	741	510
"putative_UTR:m3034620_3034699"	69	127	107
"putative_UTR:m3036023_3036130"	59	83	73
"putative_UTR:m3041462_3041569"	13	16	18
"putative_UTR:m3044106_3044374"	29	31	24
"putative_UTR:p3044379_3044553"	17	13	11
"putative_UTR:m3051425_3051517"	26	93	78
"putative_UTR:p3053683_3053874"	193	143	133
"putative_UTR:p3055492_3055994"	90	80	58
"putative_UTR:m3056349_3056419"	21	33	20
"putative_UTR:m3058064_3058192"	386	460	396
"putative_UTR:m3059770_3059854"	11	57	31
"putative_UTR:p3062304_3062504"	51	61	29
"putative_UTR:m3064394_3064514"	98	131	98
"putative_UTR:p3064529_3064567"	66	47	53
"putative_UTR:m3073057_3073129"	37	25	22
"putative_UTR:m3073610_3073679"	124	192	168
"putative_UTR:m3080458_3080580"	131	146	115
"putative_UTR:m3081034_3081118"	73	62	40
"putative_UTR:p3083371_3083484"	82	112	75
"putative_UTR:m3084304_3084484"	38	101	48
"putative_UTR:m3085556_3085712"	247	398	275
"putative_UTR:m3087783_3087949"	33	68	29
"putative_UTR:m3088985_3089044"	26	39	37
"putative_UTR:m3092598_3092950"	300	516	366
"putative_UTR:m3093749_3093904"	636	767	682
"putative_UTR:m3097187_3097705"	89	124	90
"putative_UTR:m3102163_3102363"	95	131	93
"putative_UTR:m3123437_3123624"	26	80	56
"putative_UTR:m3132715_3132891"	12	14	19
"putative_UTR:m3133540_3133708"	64	92	57
"putative_UTR:m3147874_3147958"	1372	1720	1326
"putative_UTR:m3148259_3148384"	225	228	205
"putative_UTR:m3149977_3150044"	124	182	140
"putative_UTR:p3151202_3151373"	20	28	29
"putative_UTR:m3152951_3153038"	211	251	163
"putative_UTR:m3160522_3160579"	131	136	108
"putative_UTR:p3166585_3166639"	37	52	43
"putative_UTR:m3173081_3173159"	19	45	48
"putative_UTR:m3174644_3174899"	41	51	37
"putative_UTR:m3175103_3175453"	35	88	53
"putative_UTR:m3177866_3178457"	251	244	227
"putative_UTR:p3178086_3178162"	5	8	3
"putative_UTR:m3179313_3179367"	548	553	490
"putative_UTR:p3187978_3188216"	109	124	114
"putative_UTR:m3189398_3189582"	255	229	241
"putative_UTR:m3192202_3192372"	479	698	528
"putative_UTR:m3193761_3194165"	23	59	38
"putative_UTR:p3194152_3194282"	169	141	151
"putative_UTR:m3196750_3196863"	37	40	29
"putative_UTR:m3199983_3200177"	219	288	237
"putative_UTR:m3203255_3203393"	4	8	8
"putative_UTR:m3204291_3204380"	114	95	78
"putative_UTR:m3211746_3211802"	490	482	413
"putative_UTR:m3212109_3212161"	445	578	424
"putative_UTR:m3213855_3213911"	567	636	518
"putative_UTR:m3214254_3214395"	319	424	320
"putative_UTR:p3214494_3214627"	344	673	618
"putative_UTR:p3215573_3215767"	50	100	69
"putative_UTR:m3217644_3217773"	253	330	242
"putative_UTR:m3218317_3219273"	21	15	17
"putative_UTR:m3228174_3228253"	32	38	43
"putative_UTR:m3230681_3230737"	298	356	263
"putative_UTR:m3239599_3239828"	109	129	103
"putative_UTR:m3241172_3241221"	93	189	132
"putative_UTR:m3241960_3242236"	114	219	147
"putative_UTR:p3243282_3243696"	587	1147	998
"putative_UTR:p3274903_3274948"	62	135	93
"putative_UTR:m3275467_3276379"	1659	1024	979
"putative_UTR:p3276218_3276529"	107	304	222
"putative_UTR:m3282716_3282890"	937	854	726
"putative_UTR:p3287833_3288435"	119	245	174
"putative_UTR:m3290051_3290623"	312	526	402
"putative_UTR:m3291326_3291502"	228	265	189
"putative_UTR:m3302456_3302684"	171	376	311
"putative_UTR:m3302808_3303102"	155	224	174
"putative_UTR:p3304294_3304440"	36	52	39
"putative_UTR:m3306401_3306665"	277	287	261
"putative_UTR:m3307392_3307445"	29	28	14
"putative_UTR:p3309400_3309469"	21	61	35
"putative_UTR:m3312001_3312100"	113	174	168
"putative_UTR:m3312839_3312952"	245	369	376
"putative_UTR:p3313120_3313282"	19	14	22
"putative_UTR:m3313673_3313772"	15	32	24
"putative_UTR:m3315123_3315181"	5	2	5
"putative_UTR:p3316457_3316528"	32	18	22
"putative_UTR:m3324477_3324572"	383	326	246
"putative_UTR:m3325704_3326091"	151	184	130
"putative_UTR:p3325717_3325933"	149	180	157
"putative_UTR:p3326950_3327293"	82	126	92
"putative_UTR:p3342083_3342164"	84	152	86
"putative_UTR:m3342419_3343175"	379	864	572
"putative_UTR:m3343821_3344032"	251	578	376
"putative_UTR:m3346076_3346858"	32	148	87
"putative_UTR:p3346849_3347623"	23	143	95
"putative_UTR:m3347720_3348481"	34	75	59
"putative_UTR:p3347939_3347981"	2	12	5
"putative_UTR:m3350994_3351054"	87	134	104
"putative_UTR:m3352295_3352457"	40	52	28
"putative_UTR:m3358944_3359584"	277	243	261
"putative_UTR:m3362987_3363135"	78	117	115
"putative_UTR:m3363344_3363692"	70	130	82
"putative_UTR:p3363687_3363723"	21	25	22
"putative_UTR:m3365679_3365835"	50	37	33
"putative_UTR:p3365831_3366288"	315	420	320
"putative_UTR:m3367152_3367263"	65	65	73
"putative_UTR:p3367268_3367417"	12	25	19
"putative_UTR:p3372472_3372582"	6	8	16
"putative_UTR:m3376211_3376489"	33	39	32
"putative_UTR:p3376388_3376577"	83	67	69
"putative_UTR:m3378244_3378328"	6	6	4
"putative_UTR:m3378416_3378710"	19	13	8
"putative_UTR:m3386920_3387074"	133	160	127
"putative_UTR:m3388871_3388975"	189	332	242
"putative_UTR:p3392779_3392811"	20	50	31
"putative_UTR:p3395053_3395378"	72	89	81
"putative_UTR:m3395862_3396457"	64	112	101
"putative_UTR:m3397142_3397205"	48	60	47
"putative_UTR:m3398291_3398424"	84	98	70
"putative_UTR:p3406216_3406284"	154	206	157
"putative_UTR:m3406936_3407313"	88	105	117
"putative_UTR:p3407326_3407829"	270	297	258
"putative_UTR:m3407866_3408021"	15	28	19
"putative_UTR:m3408307_3408403"	110	197	121
"putative_UTR:m3409379_3409508"	283	346	264
"putative_UTR:m3411084_3411216"	211	355	265
"putative_UTR:m3411958_3412084"	1894	1750	1448
"putative_UTR:m3414167_3414231"	733	789	634
"putative_UTR:m3414959_3415434"	2910	2833	2589
"putative_UTR:p3417746_3417787"	10	13	8
"putative_UTR:m3418663_3418725"	377	327	308
"putative_UTR:p3420971_3421045"	92	92	60
"putative_UTR:m3421518_3421740"	23	42	24
"putative_UTR:p3425508_3425583"	7	11	8
"putative_UTR:p3427108_3427242"	25	34	22
"putative_UTR:p3431316_3431427"	21	31	28
"putative_UTR:m3431399_3431839"	45	101	59
"putative_UTR:p3433451_3433691"	62	84	65
"putative_UTR:m3437789_3438049"	107	143	99
"putative_UTR:m3446735_3447403"	84	151	126
"putative_UTR:p3451751_3451780"	134	324	219
"putative_UTR:p3452888_3452924"	255	690	545
"putative_UTR:p3457273_3457549"	70	113	118
"putative_UTR:m3460549_3460813"	41	100	85
"putative_UTR:p3464450_3464546"	131	345	238
"putative_UTR:p3465687_3465811"	81	154	114
"putative_UTR:m3467092_3467209"	41	31	29
"putative_UTR:p3467426_3467605"	136	191	191
"putative_UTR:m3467663_3468412"	765420	615926	640064
"putative_UTR:m3476962_3477318"	106	134	127
"putative_UTR:p3486175_3486385"	194	280	213
"putative_UTR:p3490376_3490759"	140	219	194
"putative_UTR:m3491652_3491807"	27	30	41
"putative_UTR:p3493182_3494139"	1255	2242	4795
"putative_UTR:m3494182_3494974"	1496	1099	2620
"putative_UTR:p3496514_3496550"	3163	1573	2779
"putative_UTR:m3497364_3497528"	47	113	142
"putative_UTR:p3497550_3498071"	673	357	674
"putative_UTR:p3501166_3501333"	548	556	640
"putative_UTR:p3501733_3501793"	285	362	376
"putative_UTR:m3502632_3502944"	32	29	15
"putative_UTR:p3502937_3503392"	246	387	329
"putative_UTR:p3505284_3505362"	76	70	57
"putative_UTR:p3507996_3508094"	31	41	30
"putative_UTR:m3508339_3509117"	558	485	394
"putative_UTR:p3509067_3509358"	105	203	163
"putative_UTR:m3509575_3510087"	447	535	550
"putative_UTR:m3511318_3511369"	57	93	81
"putative_UTR:p3511599_3511681"	184	259	171
"putative_UTR:p3519167_3519281"	367	379	261
"putative_UTR:m3526999_3527390"	125	124	111
"putative_UTR:p3527386_3527528"	150	193	128
"putative_UTR:m3529164_3529337"	110	115	85
"putative_UTR:m3535352_3535430"	18	28	15
"putative_UTR:p3536064_3536101"	10	6	9
"putative_UTR:p3538363_3538504"	53	41	62
"putative_UTR:m3539110_3539845"	17	27	21
"putative_UTR:p3539852_3540014"	25	20	28
"putative_UTR:m3540746_3540881"	330	549	407
"putative_UTR:m3541365_3541442"	21	49	26
"putative_UTR:p3542102_3542137"	10	5	5
"putative_UTR:m3545301_3545356"	21	23	18
"putative_UTR:p3548908_3549090"	10	12	14
"putative_UTR:p3551045_3551229"	0	1	0
"putative_UTR:p3552585_3552763"	3	2	1
"putative_UTR:p3554026_3554297"	28	31	28
"putative_UTR:m3556688_3557310"	564	643	485
"putative_UTR:p3557065_3557890"	797	1018	735
"putative_UTR:m3560102_3560193"	23	43	39
"putative_UTR:m3568146_3568400"	25	67	20
"putative_UTR:p3568368_3568898"	156	157	143
"putative_UTR:m3568680_3569108"	237	263	198
"putative_UTR:p3571590_3572003"	256	389	286
"putative_UTR:m3572544_3572601"	29	39	38
"putative_UTR:p3580264_3580637"	69	86	59
"putative_UTR:m3581413_3581626"	81	146	102
"putative_UTR:p3581621_3582183"	74	49	65
"putative_UTR:m3583711_3583800"	262	326	235
"putative_UTR:m3584659_3584844"	75	113	74
"putative_UTR:p3584938_3585003"	31	56	49
"putative_UTR:m3585437_3585676"	97	143	96
"putative_UTR:p3585691_3586273"	113	268	156
"putative_UTR:p3586835_3587797"	450	892	722
"putative_UTR:p3590618_3590682"	74	72	67
"putative_UTR:m3590640_3590691"	190	235	214
"putative_UTR:m3591493_3591902"	139	128	113
"putative_UTR:m3593531_3593803"	93	105	85
"putative_UTR:p3595522_3595712"	1476	2042	1756
"putative_UTR:p3595968_3596887"	330	574	404
"putative_UTR:m3597767_3598050"	504	506	390
"putative_UTR:m3599552_3599738"	224	273	201
"putative_UTR:m3600567_3601015"	70	65	72
"putative_UTR:p3601020_3601467"	80	94	64
"putative_UTR:m3602441_3602563"	28	40	32
"putative_UTR:m3603323_3603375"	1	1	0
"putative_UTR:m3605106_3605750"	275	92	192
"putative_UTR:m3607035_3607111"	474	177	272
"putative_UTR:m3608255_3608324"	274	134	195
"putative_UTR:p3611163_3611299"	133	85	71
"putative_UTR:m3611190_3611399"	177	196	159
"putative_UTR:m3611632_3611958"	92	83	68
"putative_UTR:m3613604_3613663"	108	64	58
"putative_UTR:m3617604_3617681"	37	43	30
"putative_UTR:m3620532_3620609"	518	316	342
"putative_UTR:m3621255_3621474"	1098	1032	994
"putative_UTR:m3623092_3623158"	64	87	68
"putative_UTR:m3627350_3627418"	12	51	35
"putative_UTR:m3628073_3628159"	112	412	282
"putative_UTR:m3629648_3629751"	157	849	357
"putative_UTR:m3634787_3635040"	54	103	68
"putative_UTR:m3638710_3638810"	89	173	114
"putative_UTR:m3639303_3639871"	129	363	194
"putative_UTR:m3640142_3640376"	262	1005	524
"putative_UTR:m3644748_3644897"	32	58	37
"putative_UTR:p3649382_3649419"	36	97	65
"putative_UTR:p3650110_3650233"	437	1110	399
"putative_UTR:m3652255_3652678"	45	53	55
"putative_UTR:p3652683_3653447"	248	550	208
"putative_UTR:m3656757_3656919"	122	206	154
"putative_UTR:p3656932_3657110"	143	157	122
"putative_UTR:m3659925_3660096"	39	93	55
"putative_UTR:p3660697_3661329"	141	448	255
"putative_UTR:p3664888_3664927"	18	76	19
"putative_UTR:p3666250_3666356"	89	143	112
"putative_UTR:m3668005_3668168"	151	99	89
"putative_UTR:p3668160_3668510"	179	251	157
"putative_UTR:m3669389_3669585"	550	341	642
"putative_UTR:m3671795_3671844"	81	76	65
"putative_UTR:p3671849_3672327"	129	160	472
"putative_UTR:p3675087_3675117"	36	33	63
"putative_UTR:p3676732_3676774"	215	214	173
"putative_UTR:m3687578_3687684"	232	238	175
"putative_UTR:p3690921_3691140"	19	20	15
"putative_UTR:m3697094_3697240"	20	12	26
"putative_UTR:m3700331_3700704"	284	420	414
"putative_UTR:p3704872_3704999"	52	70	71
"putative_UTR:p3707564_3707623"	12	16	9
"putative_UTR:m3707580_3707641"	17	30	26
"putative_UTR:m3713339_3713393"	42	29	31
"putative_UTR:p3714327_3714391"	37	55	55
"putative_UTR:p3715709_3715776"	18	33	17
"putative_UTR:p3721698_3721841"	15	17	11
"putative_UTR:m3724540_3724614"	31	33	26
"putative_UTR:p3724549_3724627"	22	19	15
"putative_UTR:p3725970_3726126"	74	108	99
"putative_UTR:p3729356_3729614"	24	28	29
"putative_UTR:p3753406_3753764"	134	104	89
"putative_UTR:p3754257_3755116"	32	22	22
"putative_UTR:p3769501_3769736"	19	37	22
"putative_UTR:m3777502_3777559"	29	50	47
"putative_UTR:p3778538_3778567"	91	83	69
"putative_UTR:p3781413_3781985"	41	31	31
"putative_UTR:p3786273_3786313"	61	40	123
"putative_UTR:p3790125_3790155"	60	215	128
"putative_UTR:p3790810_3791550"	132	639	482
"putative_UTR:m3799114_3799242"	46	113	90
"putative_UTR:m3799944_3800079"	123	98	125
"putative_UTR:m3803861_3803918"	13	14	15
"putative_UTR:m3804792_3805367"	190	196	134
"putative_UTR:p3805576_3805620"	263	240	238
"putative_UTR:m3811865_3812500"	65	165	111
"putative_UTR:m3819692_3820652"	19	18	16
"putative_UTR:m3821892_3822261"	50	80	69
"putative_UTR:m3824585_3824701"	36	67	48
"putative_UTR:p3825295_3825329"	4	6	4
"putative_UTR:p3826218_3826251"	9	4	8
"putative_UTR:m3826895_3826990"	37	36	34
"putative_UTR:m3828728_3828782"	144	121	107
"putative_UTR:m3831520_3831691"	243	272	201
"putative_UTR:m3831795_3832145"	74	162	114
"putative_UTR:p3832137_3832854"	450	558	452
"putative_UTR:p3834790_3834891"	179	322	902
"putative_UTR:m3834854_3835271"	93	170	116
"putative_UTR:p3835201_3835277"	55	83	235
"putative_UTR:m3836892_3836985"	242	310	236
"putative_UTR:m3837289_3837554"	818	1353	821
"putative_UTR:m3841421_3841591"	0	0	2
"putative_UTR:m3841600_3841713"	2	5	12
"putative_UTR:p3841606_3842238"	59	108	92
"putative_UTR:m3842077_3842444"	11	59	41
"putative_UTR:p3842770_3843035"	12	78	42
"putative_UTR:m3843088_3843884"	23	61	40
"putative_UTR:p3843735_3844227"	39	55	38
"putative_UTR:p3846614_3847164"	148	275	271
"putative_UTR:p3847702_3848133"	98	290	183
"putative_UTR:m3848806_3849265"	134	180	160
"putative_UTR:m3850140_3850371"	726	346	365
"putative_UTR:m3854794_3855014"	308	359	323
"putative_UTR:m3861371_3861494"	108	142	96
"putative_UTR:m3862391_3862511"	154	191	156
"putative_UTR:m3870354_3871083"	8	17	17
"putative_UTR:m3872497_3872851"	73	60	55
"putative_UTR:p3873406_3873451"	10	18	13
"putative_UTR:p3874133_3874403"	60	55	90
"putative_UTR:m3875638_3876051"	81	172	144
"putative_UTR:m3876823_3876889"	255	370	225
"putative_UTR:m3878508_3878658"	308	465	340
"putative_UTR:m3880071_3880285"	1609	2293	1713
"putative_UTR:m3880654_3880811"	1461	2185	1581
"putative_UTR:p3881765_3881836"	27	48	35
"putative_UTR:p3883443_3883524"	59	113	90
"putative_UTR:p3893957_3894092"	1961	1636	1724
"putative_UTR:p3894390_3894425"	5055	3286	2833
"putative_UTR:p3895608_3895819"	1470	919	856
"putative_UTR:p3898886_3899591"	386	297	251
"putative_UTR:m3900403_3900492"	165	187	156
"putative_UTR:m3902813_3902973"	49	50	48
"putative_UTR:p3902881_3903077"	63	81	52
"putative_UTR:m3904250_3904621"	73	96	80
"putative_UTR:p3904617_3904843"	30	53	39
"putative_UTR:m3905567_3906173"	1540	1821	1729
"putative_UTR:m3907008_3907518"	3458	3380	3507
"putative_UTR:p3909739_3909832"	49	87	56
"putative_UTR:p3909848_3909889"	170	179	137
"putative_UTR:m3910327_3910464"	148	174	130
"putative_UTR:p3910469_3910623"	140	169	109
"putative_UTR:m3920862_3921086"	74	87	69
"putative_UTR:p3922393_3922470"	16	10	11
"putative_UTR:p3924820_3924889"	17	22	22
"putative_UTR:p3926517_3926568"	43	40	39
"putative_UTR:p3936711_3936817"	49	60	36
"putative_UTR:m3950217_3950823"	17	29	10
"putative_UTR:p3953336_3953430"	11	10	12
"putative_UTR:m3954165_3954324"	36	41	30
"putative_UTR:m3955522_3956324"	175	203	152
"putative_UTR:p3956261_3956867"	259	287	293
"putative_UTR:m3957369_3957634"	201	273	236
"putative_UTR:p3957468_3957520"	9	20	12
"putative_UTR:p3960714_3960754"	29	15	13
"putative_UTR:p3961787_3961951"	65	87	107
"putative_UTR:p3964055_3964721"	37	62	39
"putative_UTR:m3965585_3965883"	4	19	7
"putative_UTR:p3969144_3969342"	2	0	1
"putative_UTR:m3972454_3972551"	48	54	36
"putative_UTR:p3977923_3978058"	16	25	21
"putative_UTR:m3979382_3979498"	20	36	11
"putative_UTR:p3986733_3986843"	11	8	11
"putative_UTR:m3987030_3987381"	39	68	57
"putative_UTR:p3987300_3987519"	134	108	103
"putative_UTR:p3991524_3991620"	6	25	7
"putative_UTR:m3995700_3995803"	28	37	23
"putative_UTR:m3996965_3997028"	28	60	47
"putative_UTR:m4006602_4007330"	21	42	37
"putative_UTR:m4008434_4008648"	69	77	62
"putative_UTR:p4012357_4012416"	57	70	74
"putative_UTR:m4013998_4014076"	2	6	5
"putative_UTR:p4014042_4014272"	83	48	46
"putative_UTR:p4016298_4016483"	60	89	78
"putative_UTR:p4017084_4017437"	15	16	12
"putative_UTR:m4023804_4023867"	63	144	80
"putative_UTR:p4025782_4025829"	174	168	191
"putative_UTR:p4026379_4026443"	249	275	203
"putative_UTR:m4028305_4028967"	100	418	263
"putative_UTR:m4029763_4029870"	212	128	163
"putative_UTR:p4035711_4035856"	92	134	92
"putative_UTR:m4038051_4038157"	204	195	174
"putative_UTR:m4040705_4040980"	471	601	482
"putative_UTR:m4041320_4041422"	279	440	400
"putative_UTR:m4046119_4046169"	9	22	21
"putative_UTR:m4046226_4046302"	5	14	10
"putative_UTR:m4047547_4047704"	22	36	23
"putative_UTR:m4053100_4053517"	187	172	206
"putative_UTR:m4054043_4054141"	3107	1952	2114
"putative_UTR:m4054697_4054811"	5688	2568	2897
"putative_UTR:m4055124_4055196"	5251	2319	2741
"putative_UTR:m4056376_4056666"	1193	590	714
"putative_UTR:m4063106_4063253"	108	109	82
"putative_UTR:p4067912_4068100"	56	91	44
"putative_UTR:p4071581_4071790"	971	595	657
"putative_UTR:p4072667_4073294"	856	670	607
"putative_UTR:p4075698_4075751"	75	68	53
"putative_UTR:m4079846_4079924"	25	35	21
"putative_UTR:m4082722_4083011"	304	258	250
"putative_UTR:m4084311_4084452"	38	66	50
"putative_UTR:p4084457_4084724"	17	26	25
"putative_UTR:m4087258_4087609"	282	359	283
"putative_UTR:m4088189_4088327"	2065	1678	1455
"putative_UTR:m4088532_4088709"	8961	9374	7154
"putative_UTR:p4092879_4093248"	120	151	131
"putative_UTR:p4093587_4093631"	46	24	21
"putative_UTR:m4097995_4098095"	3	12	4
"putative_UTR:m4099149_4099478"	338	480	447
"putative_UTR:p4099511_4099646"	72	96	64
"putative_UTR:p4100511_4100638"	24	42	39
"putative_UTR:p4110478_4110826"	202	252	194
"putative_UTR:m4112229_4112321"	55	71	45
"putative_UTR:m4114343_4114473"	241	197	151
"putative_UTR:m4115895_4115999"	41	43	45
"putative_UTR:p4116380_4116477"	287	442	351
"putative_UTR:m4117058_4117257"	35	64	35
"putative_UTR:p4117153_4117342"	105	137	135
"putative_UTR:p4118499_4118775"	34	56	34
"putative_UTR:m4120618_4121197"	44	38	50
"putative_UTR:p4120956_4121464"	131	272	220
"putative_UTR:m4121555_4121829"	165	243	195
"putative_UTR:p4121835_4121915"	14	18	15
"putative_UTR:p4124349_4124416"	83	144	125
"putative_UTR:p4125377_4125438"	76	66	63
"putative_UTR:p4126480_4126540"	21	43	23
"putative_UTR:p4126615_4127194"	54	113	78
"putative_UTR:m4127181_4127294"	98	129	99
"putative_UTR:m4129212_4129322"	137	131	102
"putative_UTR:m4129692_4129892"	308	323	238
"putative_UTR:p4134593_4134725"	114	117	83
"putative_UTR:m4135412_4136121"	200	232	213
"putative_UTR:m4137115_4137265"	14	35	21
"putative_UTR:p4138139_4138299"	24	26	29
"putative_UTR:p4142746_4143065"	46	58	40
"putative_UTR:m4148187_4148309"	120	115	128
"putative_UTR:m4148963_4149090"	103	102	92
"putative_UTR:m4149481_4149590"	28	47	37
"putative_UTR:m4149912_4149978"	3	12	8
"putative_UTR:m4151041_4151179"	31	41	21
"putative_UTR:p4153578_4153739"	160	249	204
"putative_UTR:m4155556_4155739"	97	152	81
"putative_UTR:p4155675_4156207"	38	45	44
"putative_UTR:m4159822_4159888"	36	61	46
"putative_UTR:m4160914_4160998"	146	265	180
"putative_UTR:p4161774_4161940"	20	47	31
"putative_UTR:p4164999_4165256"	122	121	115
"putative_UTR:m4166732_4166820"	54	112	68
"putative_UTR:m4168129_4168282"	138	158	149
"putative_UTR:p4168431_4168535"	83	144	94
"putative_UTR:p4169301_4169466"	187	238	186
"putative_UTR:p4170170_4170213"	14	27	23
"putative_UTR:p4171144_4171420"	851	931	776
"putative_UTR:m4183776_4184011"	111	83	68
"putative_UTR:p4185958_4186088"	144	180	145
"putative_UTR:p4186578_4186633"	88	74	55
"putative_UTR:m4188760_4189284"	4	19	7
"putative_UTR:m4190233_4190283"	14	64	39
"putative_UTR:m4190518_4190832"	141	834	382
"putative_UTR:m4193246_4193390"	42	760	313
"putative_UTR:p4195803_4196096"	20	33	38
"putative_UTR:m4196099_4196170"	0	2	3
"putative_UTR:m4196507_4196574"	22	17	22
"putative_UTR:p4197108_4197235"	199	289	188
"putative_UTR:m4197411_4197627"	93	112	91
"putative_UTR:m4198138_4198204"	210	279	244
"putative_UTR:m4198598_4198652"	369	416	377
"putative_UTR:m4201151_4201288"	52	49	48
"putative_UTR:p4205501_4205537"	92	66	59
"putative_UTR:p4205841_4205959"	36	25	27
"putative_UTR:p4209006_4209046"	529	324	262
"putative_UTR:p4209527_4210184"	1793	1278	1190
"putative_UTR:m4211010_4211079"	61	50	48
"putative_UTR:p4212142_4212292"	39	56	54
"putative_UTR:m4212698_4212995"	116	150	159
"putative_UTR:p4212983_4213188"	38	52	29
"putative_UTR:p4214888_4215366"	145	197	135
"putative_UTR:m4216731_4216839"	35	43	36
"putative_UTR:p4218777_4218848"	26	49	22
"putative_UTR:m4223408_4223698"	161	186	197
"putative_UTR:m4224896_4224968"	101	90	97
"putative_UTR:p4230101_4230210"	55	43	45
"putative_UTR:p4231237_4231319"	39	71	52
"putative_UTR:p4232394_4232489"	27	53	31
"putative_UTR:p4249811_4249877"	25	46	26
"putative_UTR:m4253676_4254379"	567	658	482
"putative_UTR:m4263067_4263354"	1126	1193	937
"putative_UTR:m4264366_4264562"	164	219	190
"putative_UTR:m4265463_4265641"	527	635	618
"putative_UTR:m4266659_4266952"	427	632	500
"putative_UTR:m4268837_4268924"	127	197	115
"putative_UTR:p4273658_4273738"	37	120	105
"putative_UTR:p4274594_4274797"	55	198	140
"putative_UTR:p4276418_4276570"	31	71	60
"putative_UTR:p4281360_4281646"	82	116	117
"putative_UTR:p4284332_4284414"	16	78	88
"putative_UTR:p4285303_4285972"	175	363	271
"putative_UTR:p4286687_4286720"	32	56	46
"putative_UTR:p4287936_4288528"	976	1024	1071
"putative_UTR:m4288037_4288259"	256	150	151
"putative_UTR:m4291530_4291638"	1017	631	638
"putative_UTR:m4293175_4293224"	268	186	178
"putative_UTR:m4301510_4301562"	37	39	42
"putative_UTR:m4305686_4306235"	56	71	38
"putative_UTR:p4306240_4306366"	21	47	37
"putative_UTR:p4307659_4308309"	3	5	5
"putative_UTR:m4310315_4311008"	138	190	119
"putative_UTR:p4310815_4311254"	72	124	94
"putative_UTR:p4313981_4314069"	11	4	10
"putative_UTR:m4314402_4314737"	91	81	71
"putative_UTR:p4314724_4315296"	2161	2039	2038
"putative_UTR:m4316597_4316704"	7	15	12
"putative_UTR:p4318416_4318774"	111	111	101
"putative_UTR:p4320608_4320703"	551	407	387
"putative_UTR:p4321328_4321537"	777	624	617
"putative_UTR:p4322072_4322325"	412	501	563
"putative_UTR:p4323235_4323498"	593	559	580
"putative_UTR:p4323898_4324014"	395	392	381
"putative_UTR:p4324968_4325073"	226	207	157
"putative_UTR:m4325505_4326003"	137	417	203
"putative_UTR:p4325969_4326157"	92	75	72
"putative_UTR:p4328200_4328738"	100	182	141
"putative_UTR:m4328206_4328400"	14	38	20
"putative_UTR:m4329615_4330038"	194	463	361
"putative_UTR:m4336082_4336303"	178	194	201
"putative_UTR:m4338082_4338170"	4	18	14
"putative_UTR:p4338745_4338848"	23	78	52
"putative_UTR:p4340028_4340155"	24	43	32
"putative_UTR:p4340208_4340269"	279	283	247
"putative_UTR:p4341479_4341565"	325	331	308
"putative_UTR:p4342732_4342769"	437	544	438
"putative_UTR:p4348725_4348826"	454	483	397
"putative_UTR:p4350603_4350744"	518	656	564
"putative_UTR:p4351045_4351074"	227	335	248
"putative_UTR:p4352182_4352273"	3093	3127	2145
"putative_UTR:p4352577_4352608"	4864	4984	3854
"putative_UTR:p4352897_4353009"	2555	2535	2076
"putative_UTR:p4356543_4356692"	110	206	164
"putative_UTR:m4356915_4357592"	272	313	261
"putative_UTR:p4357536_4357901"	9	22	21
"putative_UTR:m4359783_4360198"	218	314	254
"putative_UTR:m4361926_4362031"	155	219	161
"putative_UTR:m4364758_4364836"	90	139	95
"putative_UTR:m4373631_4373725"	104	108	82
"putative_UTR:m4374373_4374424"	221	227	205
"putative_UTR:m4375684_4375761"	86	95	101
"putative_UTR:m4375996_4376123"	118	116	107
"putative_UTR:m4382852_4383007"	121	71	89
"putative_UTR:m4383986_4384146"	87	99	83
"putative_UTR:m4391032_4391096"	1	9	6
"putative_UTR:p4393203_4393448"	179	235	209
"putative_UTR:p4400152_4400185"	112	105	115
"putative_UTR:p4401670_4401727"	28	36	34
"putative_UTR:p4403083_4403191"	383	448	389
"putative_UTR:m4404036_4404432"	83	114	99
"putative_UTR:p4404413_4404634"	152	165	171
"putative_UTR:m4405168_4405456"	619	704	538
"putative_UTR:m4408203_4408333"	359	491	305
"putative_UTR:m4408898_4408968"	590	800	512
"putative_UTR:m4410930_4411087"	469	620	426
